DimAccountID,ACCOUNT,LONG_NAME,ACCOUNTSOURCENAME,Source,IsPrimaryAccount,NAVColumnName,ShowAccount,IsHedgeFund
8876,UTBF29140002,ITF DTAA DM EQ PASS,,HistoricalLoad,TRUE,NAV,1,0
8816,UTBF29130002,ITF TAA US SWAPS,,HistoricalLoad,TRUE,NAV,1,0
8756,UTBF29120002,ITF TAA NONUS DEV FX,,HistoricalLoad,TRUE,NAV,1,0
8696,UTBF29110002,ITF US VALUE PASSIVE,,HistoricalLoad,TRUE,NAV,1,0
8636,UTBF29100002,ITF MSCI US SWAPS,,HistoricalLoad,TRUE,NAV,1,0
8576,UTBF29080002,ITF TAA EQUITY POS,,HistoricalLoad,TRUE,NAV,1,0
8516,UTBF29070002,ITF TAA US Equity,,HistoricalLoad,TRUE,NAV,1,0
8456,UTBF29060002,ITF US Swaps,,HistoricalLoad,TRUE,NAV,1,0
8396,UTBF29050002,ITF US Levered EXP,,HistoricalLoad,TRUE,NAV,1,0
8336,UTBF29050002,ITF US Exposure Swaps,,HistoricalLoad,TRUE,NAV,1,0
8216,UTBF29030002,ITF TAA IG FI,,HistoricalLoad,TRUE,NAV,1,0
8156,UTBF29020002,ITF TAA Commodity Futures,,HistoricalLoad,TRUE,NAV,1,0
8096,UTBF29010002,ITF S&P 500 ETFS,,HistoricalLoad,TRUE,NAV,1,0
8036,UTBF29000002,ITF EAFE Swaps,,HistoricalLoad,TRUE,NAV,1,0
7976,UTBF29000002,ITF EAFE Exposure Swaps,,HistoricalLoad,TRUE,NAV,1,0
7496,UTBF27070002,ITF JANCHOR OPP I,,HistoricalLoad,TRUE,NAV,1,0
7376,UTBF27030002,ITF ACADIAN EM SL CP,,HistoricalLoad,TRUE,NAV,1,0
6776,UTBF26620002,Factor Basket DirHF Universe,,HistoricalLoad,TRUE,NAV,1,0
6716,UTBF26590002,ITF Arrowstreet World,,HistoricalLoad,TRUE,NAV,1,0
6656,UTBF26580002,ITF North of South EM,,HistoricalLoad,TRUE,NAV,1,0
6596,UTBF26570002,ITF WHITEOAK EM EXCH,,HistoricalLoad,TRUE,NAV,1,0
6536,UTBF26540002,ITF DM EM HG NDEUCHF,,HistoricalLoad,TRUE,NAV,1,0
6476,UTBF26530002,ITF DM EM HG NDEUSKO,,HistoricalLoad,TRUE,NAV,1,0
6416,UTBF26520002,ITF DM EM HG NDUEEGF,,HistoricalLoad,TRUE,NAV,1,0
6356,UTBF26510002,ITF DM EM H NDDUWXUS,,HistoricalLoad,TRUE,NAV,1,0
6296,UTBF26500002,ITF DM EM HG GDDUUS,,HistoricalLoad,TRUE,NAV,1,0
6236,UTBF26490002,ITF ACADIAN INTL,,HistoricalLoad,TRUE,NAV,1,0
6176,UTBF26480002,ITF ACADIAN GLOBAL,,HistoricalLoad,TRUE,NAV,1,0
6056,UTBF26460002,ITF Voleon 150 50,,HistoricalLoad,TRUE,NAV,1,0
5996,UTBF26450002,ITF Dockside III,,HistoricalLoad,TRUE,NAV,1,0
5876,UTBF26400002,ITF Freestone Grove,,HistoricalLoad,TRUE,NAV,1,0
5816,UTBF26360002,ITF UTSA STUDENT,,HistoricalLoad,TRUE,NAV,1,0
5756,UTBF26350002,ITF UT DALLAS STDNT,,HistoricalLoad,TRUE,NAV,1,0
5696,UTBF26340002,ITF Dockside EQ,,HistoricalLoad,TRUE,NAV,1,0
5396,UTBF26230002,ITF CARRHAE LONG,,HistoricalLoad,TRUE,NAV,1,0
5336,UTBF26220002,ITF INDUS JAP 120 20,,HistoricalLoad,TRUE,NAV,1,0
5276,UTBF26210002,ITF PERSEVERANCE CT,,HistoricalLoad,TRUE,NAV,1,0
5216,UTBF26200002,ITF Perseverance CALO,,HistoricalLoad,TRUE,NAV,1,0
4916,UTBF26090002,ITF JL 150 50 CORE,,HistoricalLoad,TRUE,NAV,1,0
4796,UTBF26050002,ITF APERIO WORLD,,HistoricalLoad,TRUE,NAV,1,0
4736,UTBF26020002,ITF VITURA REIT,,HistoricalLoad,TRUE,NAV,1,0
4676,UTBF25780002,ITF Internal Factor Basket,,HistoricalLoad,TRUE,NAV,1,0
4616,UTBF25730002,ITF PIMCO GL BND,,HistoricalLoad,TRUE,NAV,1,0
4556,UTBF25550002,ITF TWO SIGMA CHINA,,HistoricalLoad,TRUE,NAV,1,0
4496,UTBF25520002,ITF Tot Inflation Linked Bonds,,HistoricalLoad,TRUE,NAV,1,0
4436,UTBF25460002,ITF De Shaw World 130 30,,HistoricalLoad,TRUE,NAV,1,0
4376,UTBF25460002,ITF DE Shaw US 130 30,,HistoricalLoad,TRUE,NAV,1,0
4316,UTBF25430002,ITF AKO Global LO,,HistoricalLoad,TRUE,NAV,1,0
3116,UTBF23920002,ITF WRITTEN OFF,,HistoricalLoad,TRUE,NAV,1,0
2996,UTBF23870002,ITF HILLHOUSE GAOLIN,,HistoricalLoad,TRUE,NAV,1,0
1316,UTBF23200002,ITF Value Act Capital,,HistoricalLoad,TRUE,NAV,1,0
1492,UGEF26090002,GEF JL 150 50 CORE,,HistoricalLoad,TRUE,NAV,1,0
1432,UGEF26050002,GEF APERIO WORLD,,HistoricalLoad,TRUE,NAV,1,0
1372,UGEF26020002,GEF VITURA REIT,,HistoricalLoad,TRUE,NAV,1,0
1312,UGEF25780002,GEF Internal Factor Basket,,HistoricalLoad,TRUE,NAV,1,0
1252,UGEF25730002,GEF PIMCO GL BND,,HistoricalLoad,TRUE,NAV,1,0
1192,UGEF25700002,NULL,,HistoricalLoad,TRUE,NAV,1,0
1132,UGEF25550002,GEF TWO SIGMA CHINA,,HistoricalLoad,TRUE,NAV,1,0
1072,UGEF25460002,GEF De Shaw World 130 30,,HistoricalLoad,TRUE,NAV,1,0
1012,UGEF25460002,GEF DE Shaw US 130 30,,HistoricalLoad,TRUE,NAV,1,0
952,UGEF25430002,GEF AKO Global LO,,HistoricalLoad,TRUE,NAV,1,0
2980,IX1F00079488,S&P 500 Index-Total Return Index (S&P Calc),,HistoricalLoad,TRUE,NAV,1,0
2920,IX1F00079488,S&P 500 Index,,HistoricalLoad,TRUE,NAV,1,0
11580,UTJF30350002,Ilex Onshore US-PA,,HistoricalLoad,TRUE,NAV,0,1
11520,UTJF30330002,BURFORD ALT INC UPSA,,HistoricalLoad,TRUE,NAV,0,1
11460,UTJF30300002,DE SHAW ALKALI IV USPA,,HistoricalLoad,TRUE,NAV,0,1
11400,UTJF30250002,Jain Global Offshore US - PA,,HistoricalLoad,TRUE,NAV,0,1
11340,UTJF30240002,Jain Global Onshore US - PA,,HistoricalLoad,TRUE,NAV,0,1
11040,UTJF30190002,BSOF CO INV ON PA US,,HistoricalLoad,TRUE,NAV,0,1
13735,UTAF26140002,Jones Hill Capital Fund LP,,HistoricalLoad,TRUE,NAV,0,1
13675,UTAF26130002,Petershill Millennium,,HistoricalLoad,TRUE,NAV,0,1
13615,UTAF26120002,TWO SIGMA MERCURY,,HistoricalLoad,TRUE,NAV,0,1
13555,UTAF26090002,Dockside SV HF,,HistoricalLoad,TRUE,NAV,0,1
13495,UTAF26080002,GCP Fund A LP,,HistoricalLoad,TRUE,NAV,0,1
13435,UTAF26070002,SILVER PNT SELECT C,,HistoricalLoad,TRUE,NAV,0,1
13375,UTAF26060002,Dockside II,,HistoricalLoad,TRUE,NAV,0,1
13315,UTAF26050002,Aeolus Sphaera,,HistoricalLoad,TRUE,NAV,0,1
13255,UTAF26040002,Oxford Logismos,,HistoricalLoad,TRUE,NAV,0,1
13195,UTAF26030002,WOODLINE,,HistoricalLoad,TRUE,NAV,0,1
13135,UTAF26020002,DE SHAW DPTR II ON,,HistoricalLoad,TRUE,NAV,0,1
13075,UTAF26010002,DE SHAW DPTR II OFF,,HistoricalLoad,TRUE,NAV,0,1
13015,UTAF26000002,JAIN GLOBAL OFFSHORE,,HistoricalLoad,TRUE,NAV,0,1
12955,UTAF25990002,JAIN GLOBAL ONSHORE,,HistoricalLoad,TRUE,NAV,0,1
12895,UTAF25980002,HAWK RIDGE II,,HistoricalLoad,TRUE,NAV,0,1
12835,UTAF25980002,HAWK RIDGE,,HistoricalLoad,TRUE,NAV,0,1
12775,UTAF25970002,HPS DIRECT LENDING,,HistoricalLoad,TRUE,NAV,0,1
12715,UTAF25960002,FARALLON SP SIT III,,HistoricalLoad,TRUE,NAV,0,1
12655,UTAF25950002,TWO SIGMA SPECTRUM,,HistoricalLoad,TRUE,NAV,0,1
12595,UTAF25940002,FREESTONE GROVE,,HistoricalLoad,TRUE,NAV,0,1
12535,UTAF25930002,VIKING GLOBAL EQ III,,HistoricalLoad,TRUE,NAV,0,1
12475,UTAF25920002,DE SHAW ALKALI VI ON,,HistoricalLoad,TRUE,NAV,0,1
12415,UTAF25910002,DE SHAW ALKALI VI OF,,HistoricalLoad,TRUE,NAV,0,1
12355,UTAF25900002,BSOF CO INVEST ON,,HistoricalLoad,TRUE,NAV,0,1
12295,UTAF25900002,BLACKSTONE SRT ON,,HistoricalLoad,TRUE,NAV,0,1
12235,UTAF25890002,TWO SIGMA AB RET ENH,,HistoricalLoad,TRUE,NAV,0,1
12115,UTAF25870002,TWIN TREE,,HistoricalLoad,TRUE,NAV,0,1
12055,UTAF25850002,DOCKSIDE FUND I,,HistoricalLoad,TRUE,NAV,0,1
11995,UTAF25840002,BALYASNY ATLAS EN,,HistoricalLoad,TRUE,NAV,0,1
11935,UTAF25840002,BALYASNY ATLAS,,HistoricalLoad,TRUE,NAV,0,1
11875,UTAF25830002,DE SHAW DIOPTER OFF,,HistoricalLoad,TRUE,NAV,0,1
11815,UTAF25820002,DE SHAW DIOPTER ON,,HistoricalLoad,TRUE,NAV,0,1
11755,UTAF25810002,WALLEYE OPPS FUND,,HistoricalLoad,TRUE,NAV,0,1
11695,UTAF25800002,HIG WHITEHORSE,,HistoricalLoad,TRUE,NAV,0,1
11635,UTAF25790002,CONTINGENCY,,HistoricalLoad,TRUE,NAV,0,1
11575,UTAF25780002,BURFORD AIF II,,HistoricalLoad,TRUE,NAV,0,1
11515,UTAF25770002,CAPSTONE HEDGE II,,HistoricalLoad,TRUE,NAV,0,1
11455,UTAF25760002,Burford Advantage Fund,,HistoricalLoad,TRUE,NAV,0,1
11395,UTAF25760002,BURFORD ADVANTAGE FD,,HistoricalLoad,TRUE,NAV,0,1
11335,UTAF25750002,MYRIAD DIRECT 1,,HistoricalLoad,TRUE,NAV,0,1
11275,UTAF25740002,Weiss SPAC Opportunity II,,HistoricalLoad,TRUE,NAV,0,1
11215,UTAF25730002,CHELODINA OFFSHORE,,HistoricalLoad,TRUE,NAV,0,1
11155,UTAF25720002,CHELODINA ONSHORE,,HistoricalLoad,TRUE,NAV,0,1
11095,UTAF25710002,VARDE CRE LENDING D1,,HistoricalLoad,TRUE,NAV,0,1
11035,UTAF25700002,Tiger Pacific,,HistoricalLoad,TRUE,NAV,0,1
10975,UTAF25690002,VARDE CRE LENDING,,HistoricalLoad,TRUE,NAV,0,1
10915,UTAF25680002,BOR UTA D1 RIDER,,HistoricalLoad,TRUE,NAV,0,1
10855,UTAF25670002,FIFTH DELTA,,HistoricalLoad,TRUE,NAV,0,1
10795,UTAF25660002,BROOKDALE INTL ON,,HistoricalLoad,TRUE,NAV,0,1
10735,UTAF25650002,UTA MAVERICK HEDGE,,HistoricalLoad,TRUE,NAV,0,1
10675,UTAF25640002,HOUND PTNRS VAR BETA,,HistoricalLoad,TRUE,NAV,0,1
10555,UTAF25620002,UTA MW EUREKA FUND,,HistoricalLoad,TRUE,NAV,0,1
10495,UTAF25600002,BOR UTA FSSF II,,HistoricalLoad,TRUE,NAV,0,1
10435,UTAF25590002,BOR UTA DEERFIELD PD,,HistoricalLoad,TRUE,NAV,0,1
10375,UTAF25580002,DE SHAW ALKALI V OFF,,HistoricalLoad,TRUE,NAV,0,1
10315,UTAF25570002,DE SHAW ALKALI V ONS,,HistoricalLoad,TRUE,NAV,0,1
10255,UTAF25560002,TPG TPEP HF,,HistoricalLoad,TRUE,NAV,0,1
10195,UTAF25550002,TWO SIGMA ABS RTN FD,,HistoricalLoad,TRUE,NAV,0,1
10135,UTAF25540002,ExodusPoint Offshore,,HistoricalLoad,TRUE,NAV,0,1
10075,UTAF25530002,ExodusPoint Onshore,,HistoricalLoad,TRUE,NAV,0,1
10015,UTAF25520002,Junto Offshore,,HistoricalLoad,TRUE,NAV,0,1
9955,UTAF25510002,HIGHBRIDGE TACT CR,,HistoricalLoad,TRUE,NAV,0,1
9895,UTAF25500002,DEERFIELD PR ONSHORE,,HistoricalLoad,TRUE,NAV,0,1
9835,UTAF25490002,ELLIOTT ASSOC LP,,HistoricalLoad,TRUE,NAV,0,1
9715,UTAF25470002,SILVER PNT SP CR II,,HistoricalLoad,TRUE,NAV,0,1
9475,UTAF25430002,BROOKDALE GBL OPP,,HistoricalLoad,TRUE,NAV,0,1
9415,UTAF25420002,HOLOCENE ADVISORS FD,,HistoricalLoad,TRUE,NAV,0,1
9355,UTAF25410002,HOLOCENE ADVISORS FD,,HistoricalLoad,TRUE,NAV,0,1
9295,UTAF25400002,DE SHAW COMPOSITE FD,,HistoricalLoad,TRUE,NAV,0,1
9175,UTAF25380002,DE SHAW ALKALI,,HistoricalLoad,TRUE,NAV,0,1
8995,UTAF25350002,MILLENIUM INT'L,,HistoricalLoad,TRUE,NAV,0,1
8935,UTAF25340002,MILLENIUM,,HistoricalLoad,TRUE,NAV,0,1
8875,UTAF25330002,JUNIPERUS,,HistoricalLoad,TRUE,NAV,0,1
8815,UTAF25320002,Pillar TX,,HistoricalLoad,TRUE,NAV,0,1
8635,UTAF25290002,Hampden Insurance PR,,HistoricalLoad,TRUE,NAV,0,1
8575,UTAF25280002,D1 HF,,HistoricalLoad,TRUE,NAV,0,1
8455,UTAF25260002,FSSF,,HistoricalLoad,TRUE,NAV,0,1
8335,UTAF25240002,Contrarian EM II,,HistoricalLoad,TRUE,NAV,0,1
8275,UTAF25230002,Varde Mortgage II,,HistoricalLoad,TRUE,NAV,0,1
8035,UTAF24800002,JANCHOR HF,,HistoricalLoad,TRUE,NAV,0,1
7795,UTAF24670002,Valiant Capital Partners,,HistoricalLoad,TRUE,NAV,0,1
7435,UTAF24610002,Baupost Value Partners,,HistoricalLoad,TRUE,NAV,0,1
7315,UTAF24590002,Centerbridge Credit Partners,,HistoricalLoad,TRUE,NAV,0,1
6475,UTAF24290002,Moon Capital,,HistoricalLoad,TRUE,NAV,0,1
81687,UTAF26140002,UTA TEMP AC163,Mellon,DW,TRUE,NAV,0,1
81627,UTAF26130002,UTA TEMP AC162,Mellon,DW,TRUE,NAV,0,1
88166,UTAF25070002,Farallon Overflow,Mellon,DW,TRUE,NAV,0,1
81567,UTAF26120002,UTA TEMP AC161,Mellon,DW,TRUE,NAV,0,1
81507,UTAF26110002,Tourmalet,Mellon,DW,TRUE,NAV,0,1
81387,UTAF26090002,UTA TEMP AC159,Mellon,DW,TRUE,NAV,0,1
81327,UTAF26080002,UTA TEMP AC158,Mellon,DW,TRUE,NAV,0,1
81267,UTAF26070002,UTA TEMP AC157,Mellon,DW,TRUE,NAV,0,1
81207,UTAF26060002,UTA TEMP AC156,Mellon,DW,TRUE,NAV,0,1
87746,UTAF25000002,Two Creeks,Mellon,DW,TRUE,NAV,0,1
81147,UTAF26050002,UTA TEMP AC155,Mellon,DW,TRUE,NAV,0,1
81087,UTAF26040002,UTA TEMP AC154,Mellon,DW,TRUE,NAV,0,1
81027,UTAF26030002,UTA TEMP AC153,Mellon,DW,TRUE,NAV,0,1
80967,UTAF26020002,UTA TEMP AC152,Mellon,DW,TRUE,NAV,0,1
80907,UTAF26010002,UTA TEMP AC151,Mellon,DW,TRUE,NAV,0,1
80847,UTAF26000002,UTA TEMP AC150,Mellon,DW,TRUE,NAV,0,1
80787,UTAF25990002,UTA TEMP AC 149  ,Mellon,DW,TRUE,NAV,0,1
87326,UTAF24930002,Hengistbury,Mellon,DW,TRUE,NAV,0,1
80727,UTAF25980002,UTA TEMP AC 148    ,Mellon,DW,TRUE,NAV,0,1
80667,UTAF25970002,UTA TEMP AC 147    ,Mellon,DW,TRUE,NAV,0,1
80607,UTAF25960002,UTA TEMP AC 146 ,Mellon,DW,TRUE,NAV,0,1
80547,UTAF25950002,UTA TEMP AC 145    ,Mellon,DW,TRUE,NAV,0,1
80487,UTAF25940002,UTA TEMP AC 144   ,Mellon,DW,TRUE,NAV,0,1
87026,UTAF24890002,Slate Path,Mellon,DW,TRUE,NAV,0,1
80427,UTAF25930002,UTA TEMP AC 143    ,Mellon,DW,TRUE,NAV,0,1
80367,UTAF25920002,UTA TEMP AC 142    ,Mellon,DW,TRUE,NAV,0,1
80307,UTAF25910002,UTA TEMP AC 141    ,Mellon,DW,TRUE,NAV,0,1
80247,UTAF25900002,UTA TEMP AC 140,Mellon,DW,TRUE,NAV,0,1
80187,UTAF25890002,UTA TEMP AC139,Mellon,DW,TRUE,NAV,0,1
86726,UTAF24850002,Farallon Asia II,Mellon,DW,TRUE,NAV,0,1
80067,UTAF25870002,UTA TEMP AC137,Mellon,DW,TRUE,NAV,0,1
86606,UTAF24830002,Oz Credit Opp,Mellon,DW,TRUE,NAV,0,1
79947,UTAF25850002,UTA TEMP AC135,Mellon,DW,TRUE,NAV,0,1
79887,UTAF25840002,UTA TEMP AC134,Mellon,DW,TRUE,NAV,0,1
86426,UTAF24800002,Janchor,Mellon,DW,TRUE,NAV,0,1
79827,UTAF25830002,UTA TEMP AC133,Mellon,DW,TRUE,NAV,0,1
79767,UTAF25820002,UTA TEMP AC132,Mellon,DW,TRUE,NAV,0,1
79707,UTAF25810002,UTA TEMP AC131,Mellon,DW,TRUE,NAV,0,1
79647,UTAF25800002,UTA TEMP AC130,Mellon,DW,TRUE,NAV,0,1
79587,UTAF25790002,BOR UTA TEMP AC129,Mellon,DW,TRUE,NAV,0,1
79527,UTAF25780002,BOR UTA TEMP AC128,Mellon,DW,TRUE,NAV,0,1
79467,UTAF25770002,BOR UTA TEMP AC127,Mellon,DW,TRUE,NAV,0,1
86006,UTAF24740002,Farallon Asia,Mellon,DW,TRUE,NAV,0,1
79407,UTAF25760002,BOR UTA TEMP AC126,Mellon,DW,TRUE,NAV,0,1
79347,UTAF25750002,BOR UTA TEMP AC125,Mellon,DW,TRUE,NAV,0,1
85886,UTAF24722002,Deerfield PD III,Mellon,DW,TRUE,NAV,0,1
79287,UTAF25740002,BOR UTA TEMP AC124,Mellon,DW,TRUE,NAV,0,1
85826,UTAF24721002,Deerfield PD II,Mellon,DW,TRUE,NAV,0,1
79227,UTAF25730002,BOR UTA TEMP AC123,Mellon,DW,TRUE,NAV,0,1
79167,UTAF25720002,BOR UTA TEMP AC122,Mellon,DW,TRUE,NAV,0,1
79107,UTAF25710002,BOR UTA TEMP AC121,Mellon,DW,TRUE,NAV,0,1
79047,UTAF25700002,BOR UTA TEMP AC120,Mellon,DW,TRUE,NAV,0,1
78987,UTAF25690002,BOR UTA TEMP AC119,Mellon,DW,TRUE,NAV,0,1
78927,UTAF25680002,BOR UTA TEMP AC118,Mellon,DW,TRUE,NAV,0,1
85466,UTAF24670002,Valiant,Mellon,DW,TRUE,NAV,0,1
78867,UTAF25670002,BOR UTA TEMP AC117,Mellon,DW,TRUE,NAV,0,1
78807,UTAF25660002,BOR UTA TEMP AC116,Mellon,DW,TRUE,NAV,0,1
78747,UTAF25650002,BOR UTA TEMP AC115,Mellon,DW,TRUE,NAV,0,1
78687,UTAF25640002,BOR UTA TEMP AC114,Mellon,DW,TRUE,NAV,0,1
78567,UTAF25620002,BOR UTA TEMP AC112,Mellon,DW,TRUE,NAV,0,1
85106,UTAF24610002,Baupost,Mellon,DW,TRUE,NAV,0,1
78447,UTAF25600002,BOR UTA TEMP AC110,Mellon,DW,TRUE,NAV,0,1
84986,UTAF24590002,Centerbridge,Mellon,DW,TRUE,NAV,0,1
78387,UTAF25590002,BOR UTA TEMP AC109,Mellon,DW,TRUE,NAV,0,1
78327,UTAF25580002,BOR UTA TEMP AC108,Mellon,DW,TRUE,NAV,0,1
78267,UTAF25570002,BOR UTA TEMP AC107,Mellon,DW,TRUE,NAV,0,1
78207,UTAF25560002,BOR UTA TEMP AC106,Mellon,DW,TRUE,NAV,0,1
78147,UTAF25550002,BOR UTA TEMP AC105,Mellon,DW,TRUE,NAV,0,1
78087,UTAF25540002,BOR UTA TEMP AC104,Mellon,DW,TRUE,NAV,0,1
78027,UTAF25530002,BOR UTA TEMP AC103,Mellon,DW,TRUE,NAV,0,1
77967,UTAF25520002,BOR UTA TEMP AC102,Mellon,DW,TRUE,NAV,0,1
77907,UTAF25510002,BOR UTA TEMP AC101,Mellon,DW,TRUE,NAV,0,1
77847,UTAF25500002,BOR UTA TEMP AC100,Mellon,DW,TRUE,NAV,0,1
77787,UTAF25490002,UTA TEMP AC 87,Mellon,DW,TRUE,NAV,0,1
77667,UTAF25470002,UTA TEMP AC 85,Mellon,DW,TRUE,NAV,0,1
77427,UTAF25430002,UTA TEMP AC 81,Mellon,DW,TRUE,NAV,0,1
77367,UTAF25420002,UTA TEMP AC 80,Mellon,DW,TRUE,NAV,0,1
77307,UTAF25410002,UTA TEMP AC 79,Mellon,DW,TRUE,NAV,0,1
83846,UTAF24420002,Silver Point,Mellon,DW,TRUE,NAV,0,1
77247,UTAF25400002,UTA TEMP AC 78,Mellon,DW,TRUE,NAV,0,1
77127,UTAF25380002,UTA TEMP AC 76,Mellon,DW,TRUE,NAV,0,1
76947,UTAF25350002,UTA TEMP AC 73,Mellon,DW,TRUE,NAV,0,1
76887,UTAF25340002,UTA TEMP AC 72,Mellon,DW,TRUE,NAV,0,1
76827,UTAF25330002,UTA TEMP AC 71,Mellon,DW,TRUE,NAV,0,1
76767,UTAF25320002,UTA TEMP AC 70,Mellon,DW,TRUE,NAV,0,1
76587,UTAF25290002,TEMP AC 67,Mellon,DW,TRUE,NAV,0,1
76527,UTAF25280002,TEMP AC 66,Mellon,DW,TRUE,NAV,0,1
76407,UTAF25260002,TEMP AC 64,Mellon,DW,TRUE,NAV,0,1
82946,UTAF24290002,MOON,Mellon,DW,TRUE,NAV,0,1
76287,UTAF25240002,TEMP AC 62,Mellon,DW,TRUE,NAV,0,1
76227,UTAF25230002,TEMP AC 61,Mellon,DW,TRUE,NAV,0,1
82766,UTAF24270002,TPG-Axon,Mellon,DW,TRUE,NAV,0,1
76107,UTAF25210002,COLUMBUS HILL OPP,Mellon,DW,TRUE,NAV,0,1
75807,UTAF25160002,Deerfield PD IV,Mellon,DW,TRUE,NAV,0,1
75687,UTAF25140002,FASS III,Mellon,DW,TRUE,NAV,0,1
75627,UTAF25130002,Silver Point Select,Mellon,DW,TRUE,NAV,0,1
75447,UTAF25100002,Silver Point SPC CRD,Mellon,DW,TRUE,NAV,0,1
75327,UTAF25080002,Hound HF,Mellon,DW,TRUE,NAV,0,1
90934,UTJF30350002,UTJF TEMP AC 8 US,Mellon,DW,TRUE,NAV,0,1
90874,UTJF30340002,SLVR PT SPE CR II US,Mellon,DW,TRUE,NAV,0,1
90814,UTJF30330002,BURFORD ALT INC USPA,Mellon,DW,TRUE,NAV,0,1
90754,UTJF30320002,DE SHW AL V OFF USPA,Mellon,DW,TRUE,NAV,0,1
90694,UTJF30310002,DE SHAW AL V ON USPA,Mellon,DW,TRUE,NAV,0,1
90634,UTJF30300002,DE SHAW ALKA IV USPA,Mellon,DW,TRUE,NAV,0,1
90574,UTJF30290002,DE SHAW DIO OFF USPA,Mellon,DW,TRUE,NAV,0,1
90514,UTJF30280002,DE SHAW DIO ON USPA,Mellon,DW,TRUE,NAV,0,1
90454,UTJF30270002,MILLENNIUM HF US PA,Mellon,DW,TRUE,NAV,0,1
90394,UTJF30260002,MILLENNIUM INL US PA,Mellon,DW,TRUE,NAV,0,1
90334,UTJF30250002,UTJF TEMP AC 7 US,Mellon,DW,TRUE,NAV,0,1
90274,UTJF30240002,UTJF TEMP AC 6 US,Mellon,DW,TRUE,NAV,0,1
89974,UTJF30190002,UTJF TEMP AC 1 US,Mellon,DW,TRUE,NAV,0,1
89914,UTJF30180002,Two Sigma AR PA US,Mellon,DW,TRUE,NAV,0,1
89794,UTJF30160002,Atlas Enhanced PA US,Mellon,DW,TRUE,NAV,0,1
89734,UTJF30150002,Walleye PA US,Mellon,DW,TRUE,NAV,0,1
89674,UTJF30140002,Holocene Off PA US,Mellon,DW,TRUE,NAV,0,1
89614,UTJF30130002,Holocene On PA US,Mellon,DW,TRUE,NAV,0,1
89554,UTJF30120002,JUNIPERUS PA US,Mellon,DW,TRUE,NAV,0,1
89494,UTJF30110002,BROOKDALE INTL PA US,Mellon,DW,TRUE,NAV,0,1
89434,UTJF30100002,PILLAR TX PA US,Mellon,DW,TRUE,NAV,0,1
89374,UTJF30090002,EXODUSPOINT OF PA US,Mellon,DW,TRUE,NAV,0,1
89254,UTJF30070002,Brookdale PA US,Mellon,DW,TRUE,NAV,0,1
89194,UTJF30050002,Junto PA US,Mellon,DW,TRUE,NAV,0,1
89134,UTJF30040002,Hound Var Beta PA US,Mellon,DW,TRUE,NAV,0,1
89074,UTJF30030002,Highbridge Ta PA US,Mellon,DW,TRUE,NAV,0,1
89014,UTJF30020002,FifthDelta PA US,Mellon,DW,TRUE,NAV,0,1
88954,UTJF30010002,Farallon CIP PA US,Mellon,DW,TRUE,NAV,0,1
88894,UTJF30000002,ExodusPoint PA US,Mellon,DW,TRUE,NAV,0,1
77610,UTBG04100000,TOTAL REAL ESTATE,Mellon,DW,TRUE,NAV,1,0
81570,UTBG43000001,ITF POLAR BIO CONSOL,Mellon,DW,TRUE,NAV,1,0
81510,UTBG42540000,ITF Tybourne Combined,Mellon,DW,TRUE,NAV,1,0
77130,UTBG03500000,MORE CORR EM MKT EQ,Mellon,DW,TRUE,NAV,1,0
81330,UTBG37010000,ITF Tot Portable Alpha US Con,Mellon,DW,TRUE,NAV,1,0
81210,UTBG36010000,ITF Tot Portable Alpha EM Con,Mellon,DW,TRUE,NAV,1,0
76830,UTBG03200000,MORE CORR DEV CTRY,Mellon,DW,TRUE,NAV,1,0
80910,UTBG35040000,ITF Janus Consol,Mellon,DW,TRUE,NAV,1,0
80850,UTBG35030000,Total Portable Alpha Developed,Mellon,DW,TRUE,NAV,1,0
76530,UTBG02900000,MORE CORR RL EST,Mellon,DW,TRUE,NAV,1,0
80790,UTBG35020000,Paradigm with Biotech Hedge,Mellon,DW,TRUE,NAV,1,0
80730,UTBG35010000,ITF Tot Portable Alpha Con,Mellon,DW,TRUE,NAV,1,0
80490,UTBG29170000,ITF Tot Inflation Linked Bonds,Mellon,DW,TRUE,NAV,1,0
73049,UTBF26350002,ITF UTMF TEMP 5,Mellon,DW,TRUE,NAV,1,0
90567,UTBF22630002,ITF Petra,Mellon,DW,TRUE,NAV,1,0
88229,UTBG02010000,ITF More Corr Inv Gr less Liq,Mellon,DW,TRUE,NAV,1,0
90267,UTBF22590002,ITF RUSSIAN PRSPRTY,Mellon,DW,TRUE,NAV,1,0
87929,UTBG00450000,ITF Global Dev Equity Britt,Mellon,DW,TRUE,NAV,1,0
87809,UTBG00443000,ITF Non-US Dev Equity Britt,Mellon,DW,TRUE,NAV,1,0
87449,UTBG00422000,ITF US Equity Britt,Mellon,DW,TRUE,NAV,1,0
87089,UTBG00170000,ITF Tot Internal FI,Mellon,DW,TRUE,NAV,1,0
86969,UTBG00142000,ITF Total External Fixed Inc,Mellon,DW,TRUE,NAV,1,0
86909,UTBG00140000,ITF Total IGFI CR Fixed Income,Mellon,DW,TRUE,NAV,1,0
85469,UTBG00015600,ITF Total Fund excl DTAA,Mellon,DW,TRUE,NAV,1,0
85409,UTBG00015500,ITF Total Fund excl TAA,Mellon,DW,TRUE,NAV,1,0
87267,UTBF20580002,ITF PIMCO Fixed,Mellon,DW,TRUE,NAV,1,0
85049,UTBG00012100,ITF Tot Public Equity,Mellon,DW,TRUE,NAV,1,0
84929,UTBG00010000,UTB TOTAL FUND,Mellon,DW,TRUE,NAV,1,0
103039,UGEG02300000,GEF MORE CORR CR REL,Mellon,DW,TRUE,NAV,1,0
86667,UTAG25660000,Brookdale Intl Consolidation,Mellon,DW,TRUE,NAV,1,0
86487,UTAG25510000,Stable Value - Niche Relative,Mellon,DW,TRUE,NAV,1,0
102559,UGEG02010000,GEF More Corr Inv Gr less Liq,Mellon,DW,TRUE,NAV,1,0
83789,UTBF42150002,ITF Viking Global In,Mellon,DW,TRUE,NAV,1,0
85887,UTAG25180000,Holocene Offshore Consolidatio,Mellon,DW,TRUE,NAV,1,0
85167,UTAG24250000,Steadfast Consolidation,Mellon,DW,TRUE,NAV,1,0
101359,UGEG00450000,GEF Global Dev Equity Britt,Mellon,DW,TRUE,NAV,1,0
84927,UTAG24041000,Farallon,Mellon,DW,TRUE,NAV,1,0
101239,UGEG00443000,GEF Non-US Dev Equity Britt,Mellon,DW,TRUE,NAV,1,0
100879,UGEG00422000,GEF US Equity Britt,Mellon,DW,TRUE,NAV,1,0
82409,UTBF30410002,ITF FIA,Mellon,DW,TRUE,NAV,1,0
82289,UTBF30400002,ITF Colchester Pool,Mellon,DW,TRUE,NAV,1,0
81809,UTBF30160002,ITF BRANDYWINE GLBL,Mellon,DW,TRUE,NAV,1,0
81389,UTBF30020002,ITF INT INV GRD CR,Mellon,DW,TRUE,NAV,1,0
99799,UGEG00170000,Gef Tot Internal FI,Mellon,DW,TRUE,NAV,1,0
81269,UTBF30010002,ITF INT US NOMINAL,Mellon,DW,TRUE,NAV,1,0
84387,UTAG1010T000,HF Directional Total,Mellon,DW,TRUE,NAV,1,0
81089,UTBF29620002,ITF TEMP OTC,Mellon,DW,TRUE,NAV,1,0
81029,UTBF29610002,ITF MSCI EM SHORT,Mellon,DW,TRUE,NAV,1,0
84207,UTAG10000000,UTA Total Pool,Mellon,DW,TRUE,NAV,1,0
84147,UTAG06600000,Total HF Stable Value,Mellon,DW,TRUE,NAV,1,0
80849,UTBF29580002,ITF MSCI US VALUE LC,Mellon,DW,TRUE,NAV,1,0
84087,UTAG06500000,Total Stable Val HF Insurance,Mellon,DW,TRUE,NAV,1,0
99259,UGEG00142000,GEF Total External Fixed Inc,Mellon,DW,TRUE,NAV,1,0
80789,UTBF29390002,ITF TEMP FUT 2,Mellon,DW,TRUE,NAV,1,0
99199,UGEG00141000,GEF Total IGFI CR Fixed Income,Mellon,DW,TRUE,NAV,1,0
83967,UTAG06300000,HF Direct Credit,Mellon,DW,TRUE,NAV,1,0
80669,UTBF29370002,ITF TEMP OTC 2,Mellon,DW,TRUE,NAV,1,0
80609,UTBF29360002,ITF TEMP OTC 1,Mellon,DW,TRUE,NAV,1,0
83847,UTAG06100000,HF Direct Multi,Mellon,DW,TRUE,NAV,1,0
83727,UTAG06000000,HF Direct Long/Short,Mellon,DW,TRUE,NAV,1,0
80429,UTBF29330002,ITF TEMP DERIV 3,Mellon,DW,TRUE,NAV,1,0
83667,UTAG05900000,HF StabVal Multi,Mellon,DW,TRUE,NAV,1,0
80369,UTBF29320002,ITF TEMP DERIV 2,Mellon,DW,TRUE,NAV,1,0
83607,UTAG05800000,HF StabVal Credit,Mellon,DW,TRUE,NAV,1,0
80309,UTBF29310002,ITF TEMP DERIV 1,Mellon,DW,TRUE,NAV,1,0
83487,UTAG05600000,HF StabVal Eq Mkt Neutral,Mellon,DW,TRUE,NAV,1,0
80189,UTBF29290002,ITF TEMP AC 8,Mellon,DW,TRUE,NAV,1,0
80129,UTBF29280002,ITF TEMP AC 7,Mellon,DW,TRUE,NAV,1,0
83367,UTAG05400000,HF Eq Mkt Neutral,Mellon,DW,TRUE,NAV,1,0
79949,UTBF29250002,ITF TEMP AC 4,Mellon,DW,TRUE,NAV,1,0
79889,UTBF29240002,ITF TEMP AC 3,Mellon,DW,TRUE,NAV,1,0
83127,UTAG05000000,LCC L/S Equity,Mellon,DW,TRUE,NAV,1,0
79829,UTBF29230002,ITF TEMP AC 2,Mellon,DW,TRUE,NAV,1,0
79769,UTBF29220002,ITF TEMP AC 1,Mellon,DW,TRUE,NAV,1,0
79709,UTBF29210002,ITF TEMP AC 8,Mellon,DW,TRUE,NAV,1,0
79589,UTBF29190002,ITF  TEMP AC 6,Mellon,DW,TRUE,NAV,1,0
79529,UTBF29180002,ITF TEMP AC 5,Mellon,DW,TRUE,NAV,1,0
79349,UTBF29150002,ITF TEMP AC 2,Mellon,DW,TRUE,NAV,1,0
79289,UTBF29140002,ITF TEMP AC 1,Mellon,DW,TRUE,NAV,1,0
79229,UTBF29130002,TEMP A/C 8,Mellon,DW,TRUE,NAV,1,0
79169,UTBF29120002,TEMP A/C 7,Mellon,DW,TRUE,NAV,1,0
79109,UTBF29110002,TEMP A/C 6,Mellon,DW,TRUE,NAV,1,0
82347,UTAG00030000,AR/SI FUND POOL,Mellon,DW,TRUE,NAV,1,0
79049,UTBF29100002,TEMP A/C 5,Mellon,DW,TRUE,NAV,1,0
82227,UTAG00010000,EQ/D FUND POOL,Mellon,DW,TRUE,NAV,1,0
78929,UTBF29080002,TEMP A/C 3,Mellon,DW,TRUE,NAV,1,0
78869,UTBF29070002,TEMP A/C 2,Mellon,DW,TRUE,NAV,1,0
78809,UTBF29060002,TEMP A/C 1,Mellon,DW,TRUE,NAV,1,0
78749,UTBF29050002,UTB TEMP AC8,Mellon,DW,TRUE,NAV,1,0
78629,UTBF29030002,UTB TEMP AC6,Mellon,DW,TRUE,NAV,1,0
78569,UTBF29020002,UTB TEMP AC5,Mellon,DW,TRUE,NAV,1,0
78509,UTBF29010002,TEMP A/C 4,Mellon,DW,TRUE,NAV,1,0
78449,UTBF29000002,TEMP A/C 3,Mellon,DW,TRUE,NAV,1,0
96379,UGEG00030000,Gef Tot Pimco,Mellon,DW,TRUE,NAV,1,0
77489,UTBF27080002,ITF Janchor Opp II,Mellon,DW,TRUE,NAV,1,0
77429,UTBF27070002,ITF Janchor Opps,Mellon,DW,TRUE,NAV,1,0
77369,UTBF27060002,ITF Baker Brothers,Mellon,DW,TRUE,NAV,1,0
95779,UGEG00015600,GEF Total Fund excl DTAA,Mellon,DW,TRUE,NAV,1,0
77309,UTBF27050002,ITF Charles Lim Asia,Mellon,DW,TRUE,NAV,1,0
95719,UGEG00015500,GEF Total Fund excl TAA,Mellon,DW,TRUE,NAV,1,0
77069,UTBF27030002,ITF Acadian EM Small,Mellon,DW,TRUE,NAV,1,0
95179,UGEG00012100,GEF Tot Public Equity,Mellon,DW,TRUE,NAV,1,0
94999,UGEG00010000,GEF - TOTAL FUND,Mellon,DW,TRUE,NAV,1,0
94459,UGEF44260002,GEF PE REAL EST,Mellon,DW,TRUE,NAV,1,0
94339,UGEF44250002,GEF PE INFRASTRUC,Mellon,DW,TRUE,NAV,1,0
94099,UGEF44240002,GEF PE NATRL RES,Mellon,DW,TRUE,NAV,1,0
93979,UGEF44230002,GEF PE Venture,Mellon,DW,TRUE,NAV,1,0
93859,UGEF44220002,GEF PE Credit,Mellon,DW,TRUE,NAV,1,0
93619,UGEF44210002,GEF PE EMERG MKT,Mellon,DW,TRUE,NAV,1,0
93499,UGEF44200002,GEF PE BYOUT OTH,Mellon,DW,TRUE,NAV,1,0
74909,UTBF26630002,ITF DM EM HG M1CNA,Mellon,DW,TRUE,NAV,1,0
74789,UTBF26620002,FACTOR BAKT DIRHF UN,Mellon,DW,TRUE,NAV,1,0
74669,UTBF26600002,ITF SFA STUDENT,Mellon,DW,TRUE,NAV,1,0
74609,UTBF26590002,ITF UTMF TEMP 18,Mellon,DW,TRUE,NAV,1,0
74549,UTBF26580002,ITF UTMF TEMP 17,Mellon,DW,TRUE,NAV,1,0
74489,UTBF26570002,ITF UTMF TEMP 16,Mellon,DW,TRUE,NAV,1,0
74429,UTBF26560002,ITF CARRHAE EX CHINA,Mellon,DW,TRUE,NAV,1,0
74369,UTBF26550002,ITF DM USD Hedge,Mellon,DW,TRUE,NAV,1,0
74309,UTBF26540002,ITF DER TEMP 10,Mellon,DW,TRUE,NAV,1,0
74249,UTBF26530002,ITF DER TEMP 9,Mellon,DW,TRUE,NAV,1,0
74189,UTBF26520002,ITF DER TEMP 8,Mellon,DW,TRUE,NAV,1,0
74129,UTBF26510002,ITF DER TEMP 7,Mellon,DW,TRUE,NAV,1,0
74069,UTBF26500002,ITF DER TEMP 6,Mellon,DW,TRUE,NAV,1,0
74009,UTBF26490002,ITF UTMF TEMP 14,Mellon,DW,TRUE,NAV,1,0
73949,UTBF26480002,ITF UTMF TEMP 13,Mellon,DW,TRUE,NAV,1,0
73829,UTBF26460002,ITF UTMF TEMP 11,Mellon,DW,TRUE,NAV,1,0
73769,UTBF26450002,ITF UTMF TEMP 10,Mellon,DW,TRUE,NAV,1,0
73469,UTBF26400002,ITF UTMF TEMP 1,Mellon,DW,TRUE,NAV,1,0
73169,UTBF26360002,ITF UTMF TEMP 6,Mellon,DW,TRUE,NAV,1,0
91579,UGEF42150002,GEF Viking Global In,Mellon,DW,TRUE,NAV,1,0
79586,UPHG00010000,UPH TOTAL CONSOL,Mellon,DW,TRUE,NAV,1,0
85945,UPFG43000001,PUF POLAR BIO CONSOL,Mellon,DW,TRUE,NAV,1,0
85885,UPFG42540000,PUF Tybourne Combined,Mellon,DW,TRUE,NAV,1,0
85645,UPFG38000001,PUF Total Private Equity,Mellon,DW,TRUE,NAV,1,0
85585,UPFG37010000,PUF Tot Portable Alpha US Con,Mellon,DW,TRUE,NAV,1,0
85465,UPFG36010000,PUF Tot Portable Alpha EM Con,Mellon,DW,TRUE,NAV,1,0
79950,UTBG25650000,ITF INTERNAL LONG TREASURY,Mellon,DW,TRUE,NAV,1,0
85165,UPFG35040000,PUF Janus Consol,Mellon,DW,TRUE,NAV,1,0
85105,UPFG35030000,Total Portable Alpha Developed,Mellon,DW,TRUE,NAV,1,0
79770,UTBG25300000,ITF Wellington Combined,Mellon,DW,TRUE,NAV,1,0
85045,UPFG35020000,Paradigm with Biotech Hedge,Mellon,DW,TRUE,NAV,1,0
84985,UPFG35010000,PUF Tot Portable Alpha DM Con,Mellon,DW,TRUE,NAV,1,0
84865,UPFG30100000,PUF GMO Emerging Debt Combined,Mellon,DW,TRUE,NAV,1,0
79530,UTBG24590000,ITF HF DIRECTIONAL TOTAL,Mellon,DW,TRUE,NAV,1,0
79350,UTBG23930000,ITF AKO Combined,Mellon,DW,TRUE,NAV,1,0
84625,UPFG29170000,PUF Tot Inflation Linked Bonds,Mellon,DW,TRUE,NAV,1,0
79110,UTBG22990002,ITF ACADIAN US M with Hedge,Mellon,DW,TRUE,NAV,1,0
78870,UTBG11000000,ITF Cash & Equivalents,Mellon,DW,TRUE,NAV,1,0
84085,UPFG26120000,PUF Innovation and Disruption,Mellon,DW,TRUE,NAV,1,0
84025,UPFG25700000,PUF TOTAL PUBLIC SPN,Mellon,DW,TRUE,NAV,1,0
78690,UTBG05600000,ITF Stable Value HF,Mellon,DW,TRUE,NAV,1,0
83965,UPFG25650000,PUF INTERNAL LONG TREASURY,Mellon,DW,TRUE,NAV,1,0
78570,UTBG05510000,ITF Total Stable Value,Mellon,DW,TRUE,NAV,1,0
83785,UPFG25300000,PUF Wellington Combined,Mellon,DW,TRUE,NAV,1,0
78450,UTBG05400000,ITF Total Real Return,Mellon,DW,TRUE,NAV,1,0
83545,UPFG24590000,PUF HF Directional Total,Mellon,DW,TRUE,NAV,1,0
78150,UTBG04910000,ITF Total Global Equity,Mellon,DW,TRUE,NAV,1,0
83365,UPFG23930000,PUF AKO Combined,Mellon,DW,TRUE,NAV,1,0
82945,UPFG22990002,PUF ACADIAN US M with Hedge,Mellon,DW,TRUE,NAV,1,0
92308,UTBF26340002,ITF UTMF TEMP 4,Mellon,DW,TRUE,NAV,1,0
81805,UPFG12030000,PUF PIMCO CONSOLIDAT,Mellon,DW,TRUE,NAV,1,0
91888,UTBF26270002,ITF CCL DM PA,Mellon,DW,TRUE,NAV,1,0
91828,UTBF26260002,ITF Woodline Spire,Mellon,DW,TRUE,NAV,1,0
102500,UGEGX0903106,CSI 700 USD,Mellon,DW,TRUE,NAV,1,0
102440,UGEGX0903105,Albourne Insurance HF,Mellon,DW,TRUE,NAV,1,0
102380,UGEGX0903103,Stable Value Composite,Mellon,DW,TRUE,NAV,1,0
102320,UGEGX0903102,Custom Wells FIA Index,Mellon,DW,TRUE,NAV,1,0
102260,UGEGX0903101,Custom Brandywine Index,Mellon,DW,TRUE,NAV,1,0
102200,UGEGX0903100,Blended Private Nat Resources,Mellon,DW,TRUE,NAV,1,0
102140,UGEGX0903099,Blended Private Infrastructure,Mellon,DW,TRUE,NAV,1,0
102080,UGEGX0903098,ITF Total Fixed Income BM,Mellon,DW,TRUE,NAV,1,0
80845,UPFG11000000,PUF Cash and Equivalents,Mellon,DW,TRUE,NAV,1,0
102020,UGEGX0903097,PUF GEF Total Fixed Income BM,Mellon,DW,TRUE,NAV,1,0
101840,UGEGX0903094,ITF Tot Global EQ BM,Mellon,DW,TRUE,NAV,1,0
101780,UGEGX0903093,PUF and GEF Tot Global EQ BM,Mellon,DW,TRUE,NAV,1,0
101720,UGEGX0903092,ITF Tot Stable Val BM,Mellon,DW,TRUE,NAV,1,0
101660,UGEGX0903091,PUF and GEF Tot Stable Val BM,Mellon,DW,TRUE,NAV,1,0
101600,UGEGX0903090,ITF Total Real Ret BM,Mellon,DW,TRUE,NAV,1,0
101540,UGEGX0903089,PUF and GEF Total Real Ret BM,Mellon,DW,TRUE,NAV,1,0
88709,UTBG02300000,ITF MORE CORR CR REL,Mellon,DW,TRUE,NAV,1,0
79885,UPFG10170000,Puf Internal Fix,Mellon,DW,TRUE,NAV,1,0
91648,UTBF26230002,ITF TEMP UTM 03,Mellon,DW,TRUE,NAV,1,0
91588,UTBF26220002,ITF TEMP UTM 02,Mellon,DW,TRUE,NAV,1,0
91528,UTBF26210002,ITF TEMP UTM 01,Mellon,DW,TRUE,NAV,1,0
91468,UTBF26200002,ITF PERSEVERANCECALO,Mellon,DW,TRUE,NAV,1,0
91168,UTBF26140002,ITF WHITEOAK INDIA,Mellon,DW,TRUE,NAV,1,0
91048,UTBF26130002,ITF FACTOR BKT UNI,Mellon,DW,TRUE,NAV,1,0
90928,UTBF26110002,ITF WMA 120 20,Mellon,DW,TRUE,NAV,1,0
90808,UTBF26100002,ITF CCL EM,Mellon,DW,TRUE,NAV,1,0
90748,UTBF26090002,ITF JACOBS LEVY CORE,Mellon,DW,TRUE,NAV,1,0
90688,UTBF26080002,ITF JACOBS LEVY MC,Mellon,DW,TRUE,NAV,1,0
90508,UTBF26060002,ITF APERIO US,Mellon,DW,TRUE,NAV,1,0
90388,UTBF26050002,ITF APERIO FACTOR BK,Mellon,DW,TRUE,NAV,1,0
87204,UPFG00422000,PUF US Equity Britt,Mellon,DW,TRUE,NAV,1,0
90328,UTBF26040002,ITF Tiger Global,Mellon,DW,TRUE,NAV,1,0
90268,UTBF26030002,ITF East Bridge,Mellon,DW,TRUE,NAV,1,0
90148,UTBF26020002,ITF Cegereal REIT,Mellon,DW,TRUE,NAV,1,0
89968,UTBF25780002,ITF FACTOR BASKET,Mellon,DW,TRUE,NAV,1,0
89848,UTBF25770002,ITF COOKE BIELER,Mellon,DW,TRUE,NAV,1,0
89788,UTBF25760002,ITF HILLHOUSE CHINA,Mellon,DW,TRUE,NAV,1,0
89728,UTBF25750002,ITF ARROWSTREET ACWI,Mellon,DW,TRUE,NAV,1,0
77605,UPFG05600000,PUF Stable Value HF,Mellon,DW,TRUE,NAV,1,0
89488,UTBF25730002,ITF PIMCO LG TREAS,Mellon,DW,TRUE,NAV,1,0
86304,UPFG00142000,PUF Total External Fixed Inc,Mellon,DW,TRUE,NAV,1,0
77485,UPFG05510000,PUF Total Stable Value,Mellon,DW,TRUE,NAV,1,0
86244,UPFG00140000,PUF NON US EQUITY,Mellon,DW,TRUE,NAV,1,0
89368,UTBF25720002,ITF BRANDYWINE LG,Mellon,DW,TRUE,NAV,1,0
89308,UTBF25710002,ITF BLUESPRUCE DIS,Mellon,DW,TRUE,NAV,1,0
77365,UPFG05451000,PUF Total Real Return,Mellon,DW,TRUE,NAV,1,0
89188,UTBF25690002,ITF ECHO STREET NW,Mellon,DW,TRUE,NAV,1,0
89128,UTBF25680002,ITF ARROWSTREET EM,Mellon,DW,TRUE,NAV,1,0
89008,UTBF25670002,ITF TAIWAN SEMI,Mellon,DW,TRUE,NAV,1,0
88888,UTBF25660002,ITF GEN GLOBAL,Mellon,DW,TRUE,NAV,1,0
76945,UPFG04910000,PUF Total Global Equity,Mellon,DW,TRUE,NAV,1,0
88768,UTBF25650002,ITF INTERNAL LONG TR,Mellon,DW,TRUE,NAV,1,0
88648,UTBF25640002,ITF GRAND ALL TAIWAN,Mellon,DW,TRUE,NAV,1,0
88588,UTBF25630002,ITF COREVIEW CHINA,Mellon,DW,TRUE,NAV,1,0
88468,UTBF25620002,ITF TEXAS AM STUDENT,Mellon,DW,TRUE,NAV,1,0
88348,UTBF25610002,ITF UT AUSTIN STUDEN,Mellon,DW,TRUE,NAV,1,0
88288,UTBF25600002,ITF ECHO ST SEL PLUS,Mellon,DW,TRUE,NAV,1,0
88168,UTBF25590002,ITF ECHO STREET LO,Mellon,DW,TRUE,NAV,1,0
88048,UTBF25580002,ITF GQG GLOBAL,Mellon,DW,TRUE,NAV,1,0
76105,UPFG04100000,TOTAL REAL ESTATE,Mellon,DW,TRUE,NAV,1,0
87928,UTBF25550002,ITF TS CHINA,Mellon,DW,TRUE,NAV,1,0
87868,UTBF25540002,ITF TSAE US,Mellon,DW,TRUE,NAV,1,0
87748,UTBF25530002,ITF PIMCO STOCKSPLUS,Mellon,DW,TRUE,NAV,1,0
87628,UTBF25520002,ITF INTERNAL US TIPS,Mellon,DW,TRUE,NAV,1,0
87448,UTBF25500002,ITF MW TOPS EM,Mellon,DW,TRUE,NAV,1,0
87388,UTBF25490002,ITF MW TOPS GLOBAL,Mellon,DW,TRUE,NAV,1,0
87328,UTBF25480002,ITF MW TOPS US,Mellon,DW,TRUE,NAV,1,0
75385,UPFG03500000,MORE CORR EM MKT EQ,Mellon,DW,TRUE,NAV,1,0
87268,UTBF25470002,ITF TPG TPEP LO,Mellon,DW,TRUE,NAV,1,0
87208,UTBF25460002,ITF DE SHAW US 130 3,Mellon,DW,TRUE,NAV,1,0
87088,UTBF25450002,ITF Springs Capital,Mellon,DW,TRUE,NAV,1,0
86968,UTBF25440002,ITF EMINENCE US,Mellon,DW,TRUE,NAV,1,0
86908,UTBF25430002,ITF AKO GLOBL LO,Mellon,DW,TRUE,NAV,1,0
74965,UPFG03200000,MORE CORR DEV CTRY,Mellon,DW,TRUE,NAV,1,0
74665,UPFG02900000,MORE CORR RL EST,Mellon,DW,TRUE,NAV,1,0
86488,UTBF25320002,ITF Whitespruce,Mellon,DW,TRUE,NAV,1,0
74005,UPFG02300000,PUF MORE CORR CR REL,Mellon,DW,TRUE,NAV,1,0
73585,UPFG02010000,PUF More Corr Inv Gr less Liq,Mellon,DW,TRUE,NAV,1,0
73165,UPFG00450000,PUF Global Dev Equity Britt,Mellon,DW,TRUE,NAV,1,0
73045,UPFG00443000,PUF Non-US Dev Equity Britt,Mellon,DW,TRUE,NAV,1,0
84388,UTBF24000002,ITF AM Advisors Pool,Mellon,DW,TRUE,NAV,1,0
84268,UTBF23990002,ITF Saga Tree LLC,Mellon,DW,TRUE,NAV,1,0
84028,UTBF23970002,ITF Hillhouse QFII,Mellon,DW,TRUE,NAV,1,0
83548,UTBF23920002,ITF PROA Partners,Mellon,DW,TRUE,NAV,1,0
83428,UTBF23910002,ITF Squadra Tex LLC,Mellon,DW,TRUE,NAV,1,0
83068,UTBF23870002,ITF Hillhouse Pool,Mellon,DW,TRUE,NAV,1,0
83008,UTBF23860002,ITF Silchester,Mellon,DW,TRUE,NAV,1,0
82888,UTBF23850002,ITF Dynamo,Mellon,DW,TRUE,NAV,1,0
82288,UTBF23780002,ITF HDFC,Mellon,DW,TRUE,NAV,1,0
84623,UPFF26630002,PUF DM EM HG M1CNA,Mellon,DW,TRUE,NAV,1,0
84503,UPFF26620002,FACTOR BAKT DIRHF UN,Mellon,DW,TRUE,NAV,1,0
80308,UTBF23431002,ITF Indus Forward,Mellon,DW,TRUE,NAV,1,0
80248,UTBF23430002,ITF Indus Japan Long,Mellon,DW,TRUE,NAV,1,0
84383,UPFF26600002,PUF SFA STUDENT,Mellon,DW,TRUE,NAV,1,0
84323,UPFF26590002,PUF UTMF TEMP 18,Mellon,DW,TRUE,NAV,1,0
84263,UPFF26580002,PUF UTMF TEMP 17,Mellon,DW,TRUE,NAV,1,0
99364,IX1F00015835,MSCI ACWI ex USA x China ex Hong Kong Index~,Mellon,DW,TRUE,NAV,1,0
84203,UPFF26570002,PUF UTMF TEMP 16,Mellon,DW,TRUE,NAV,1,0
99304,IX1F00015825,MSCI ACWI ex China ex Hong Kong Net Index~,Mellon,DW,TRUE,NAV,1,0
84143,UPFF26560002,PUF CARRHAE EX CHINA,Mellon,DW,TRUE,NAV,1,0
84083,UPFF26550002,PUF DM USD Hedge,Mellon,DW,TRUE,NAV,1,0
84023,UPFF26540002,PUF DER TEMP 10,Mellon,DW,TRUE,NAV,1,0
83963,UPFF26530002,PUF DER TEMP 9,Mellon,DW,TRUE,NAV,1,0
79768,UTBF23320002,ITF Blakeney Mgmt,Mellon,DW,TRUE,NAV,1,0
83903,UPFF26520002,PUF DER TEMP 8,Mellon,DW,TRUE,NAV,1,0
83843,UPFF26510002,PUF DER TEMP 7,Mellon,DW,TRUE,NAV,1,0
83783,UPFF26500002,PUF DER TEMP 6,Mellon,DW,TRUE,NAV,1,0
83723,UPFF26490002,PUF UTMF TEMP 14,Mellon,DW,TRUE,NAV,1,0
83663,UPFF26480002,PUF UTMF TEMP 13,Mellon,DW,TRUE,NAV,1,0
83483,UPFF26460002,PUF UTMF TEMP 11,Mellon,DW,TRUE,NAV,1,0
83423,UPFF26450002,PUF UTMF TEMP 10,Mellon,DW,TRUE,NAV,1,0
79228,UTBF23200002,ITF VALUE ACT CAP,Mellon,DW,TRUE,NAV,1,0
83243,UPFF26420002,ITF UTMF TEMP 3,Mellon,DW,TRUE,NAV,1,0
83183,UPFF26410002,ITF UTMF TEMP 2,Mellon,DW,TRUE,NAV,1,0
83123,UPFF26400002,PUF UTMF TEMP 1,Mellon,DW,TRUE,NAV,1,0
78868,UTBF23000002,ITF VALUEACT CO,Mellon,DW,TRUE,NAV,1,0
82823,UPFF26360002,PUF UTMF TEMP 6,Mellon,DW,TRUE,NAV,1,0
78628,UTBF22970002,ITF Westwood Dev,Mellon,DW,TRUE,NAV,1,0
82703,UPFF26350002,PUF UTMF TEMP 5,Mellon,DW,TRUE,NAV,1,0
78508,UTBF22960002,ITF Tremblant LLC,Mellon,DW,TRUE,NAV,1,0
82643,UPFF26340002,PUF UTMF TEMP 4,Mellon,DW,TRUE,NAV,1,0
82343,UPFF26290002,PUF TEMP OTC 1,Mellon,DW,TRUE,NAV,1,0
78088,UTBF22890002,ITF Duet Mena,Mellon,DW,TRUE,NAV,1,0
82223,UPFF26270002,PUF CCL DM PA,Mellon,DW,TRUE,NAV,1,0
82163,UPFF26260002,PUF Woodline Spire,Mellon,DW,TRUE,NAV,1,0
77848,UTBF22830002,ITF EC Longhorn,Mellon,DW,TRUE,NAV,1,0
81983,UPFF26230002,PUF TEMP UTM 03,Mellon,DW,TRUE,NAV,1,0
81923,UPFF26220002,PUF TEMP UTM 02,Mellon,DW,TRUE,NAV,1,0
81863,UPFF26210002,PUF TEMP UTM 01,Mellon,DW,TRUE,NAV,1,0
77668,UTBF22810002,ITF CANTILLON POOL,Mellon,DW,TRUE,NAV,1,0
81803,UPFF26200002,PUF PERSEVERANCECALO,Mellon,DW,TRUE,NAV,1,0
77428,UTBF22770002,ITF Serenity China,Mellon,DW,TRUE,NAV,1,0
81503,UPFF26150002,PUF CARBON DIRECT II,Mellon,DW,TRUE,NAV,1,0
77308,UTBF22760002,ITF Albert Bridge,Mellon,DW,TRUE,NAV,1,0
81443,UPFF26140002,PUF WHITEOAK INDIA,Mellon,DW,TRUE,NAV,1,0
81323,UPFF26130002,PUF FACTOR BKT UNI,Mellon,DW,TRUE,NAV,1,0
81263,UPFF26120002,PUF PIMCO CCAF,Mellon,DW,TRUE,NAV,1,0
81203,UPFF26110002,PUF WMA 120 20,Mellon,DW,TRUE,NAV,1,0
81083,UPFF26100002,PUF CCL EM,Mellon,DW,TRUE,NAV,1,0
81023,UPFF26090002,PUF JACOBS LEVY CORE,Mellon,DW,TRUE,NAV,1,0
80963,UPFF26080002,PUF JACOBS LEVY MC,Mellon,DW,TRUE,NAV,1,0
80783,UPFF26060002,PUF APERIO US,Mellon,DW,TRUE,NAV,1,0
80663,UPFF26050002,PUF APERIO FACTOR BK,Mellon,DW,TRUE,NAV,1,0
80603,UPFF26040002,PUF Tiger Global,Mellon,DW,TRUE,NAV,1,0
80543,UPFF26030002,PUF East Bridge,Mellon,DW,TRUE,NAV,1,0
80423,UPFF26020002,PUF Cegereal REIT,Mellon,DW,TRUE,NAV,1,0
80303,UPFF25790002,PUF SP Bridgewater,Mellon,DW,TRUE,NAV,1,0
80183,UPFF25780002,PUF FACTOR BASKET,Mellon,DW,TRUE,NAV,1,0
80063,UPFF25770002,PUF COOKE BIELER,Mellon,DW,TRUE,NAV,1,0
80003,UPFF25760002,PUF HILLHOUSE CHINA,Mellon,DW,TRUE,NAV,1,0
79943,UPFF25750002,PUF ARROWSTREET ACWI,Mellon,DW,TRUE,NAV,1,0
79703,UPFF25730002,PUF PIMCO LG TREAS,Mellon,DW,TRUE,NAV,1,0
79583,UPFF25720002,PUF BRANDYWINE LG,Mellon,DW,TRUE,NAV,1,0
79463,UPFF25700002,PUF SP I Blackrock,Mellon,DW,TRUE,NAV,1,0
79343,UPFF25690002,PUF ECHO STREET NW,Mellon,DW,TRUE,NAV,1,0
79283,UPFF25680002,PUF ARROWSTREET EM,Mellon,DW,TRUE,NAV,1,0
79163,UPFF25670002,PUF TAIWAN SEMI,Mellon,DW,TRUE,NAV,1,0
79043,UPFF25660002,PUF GEN GLOBAL,Mellon,DW,TRUE,NAV,1,0
78923,UPFF25650002,PUF INTERNAL LONG TR,Mellon,DW,TRUE,NAV,1,0
78803,UPFF25640002,PUF GRAND ALLNCE TAI,Mellon,DW,TRUE,NAV,1,0
78743,UPFF25630002,PUF COREVIEW CHINA,Mellon,DW,TRUE,NAV,1,0
78623,UPFF25620002,PUF TEXAS AM STUDENT,Mellon,DW,TRUE,NAV,1,0
78503,UPFF25610002,PUF UT AUSTIN STUDEN,Mellon,DW,TRUE,NAV,1,0
78443,UPFF25600002,PUF ECHO ST SEL PLUS,Mellon,DW,TRUE,NAV,1,0
93544,IX1F0000937C,HFRI Emerging Markets (Total) Index,Mellon,DW,TRUE,NAV,1,0
78323,UPFF25590002,PUF ECHO STREET LO,Mellon,DW,TRUE,NAV,1,0
78203,UPFF25580002,PUF GQG GLOBAL,Mellon,DW,TRUE,NAV,1,0
93304,IX1F0000933C,HFRI EH: Equity Market Neutral Index,Mellon,DW,TRUE,NAV,1,0
78083,UPFF25550002,PUF TS CHINA,Mellon,DW,TRUE,NAV,1,0
78023,UPFF25540002,PUF TSAE US,Mellon,DW,TRUE,NAV,1,0
93064,IX1F0000929C,HFRI Event-Driven (Total) Index,Mellon,DW,TRUE,NAV,1,0
77903,UPFF25530002,PUF PIMCO STOCKSPLUS,Mellon,DW,TRUE,NAV,1,0
77783,UPFF25520002,PUF INTERNAL US TIPS,Mellon,DW,TRUE,NAV,1,0
77663,UPFF25510002,PUF SP II JPMORGAN,Mellon,DW,TRUE,NAV,1,0
77543,UPFF25500002,PUF MW TOPS EM,Mellon,DW,TRUE,NAV,1,0
77483,UPFF25490002,PUF MW TOPS GLOBAL,Mellon,DW,TRUE,NAV,1,0
92584,IX1F00008935,MSCI Emerging Markets Ex China Net Index~,Mellon,DW,TRUE,NAV,1,0
77423,UPFF25480002,PUF MW TOPS US,Mellon,DW,TRUE,NAV,1,0
77363,UPFF25470002,PUF TPG TPEP LO,Mellon,DW,TRUE,NAV,1,0
77303,UPFF25460002,PUF DE SHAW US 130,Mellon,DW,TRUE,NAV,1,0
77123,UPFF25440002,PUF EMINENCE US,Mellon,DW,TRUE,NAV,1,0
77063,UPFF25430002,PUF AKO GLOBL LO,Mellon,DW,TRUE,NAV,1,0
91804,IX1F00007665,MSCI Japan Net Return USD Index,Mellon,DW,TRUE,NAV,1,0
76643,UPFF25320002,PUF Whitespruce,Mellon,DW,TRUE,NAV,1,0
91084,IX1F0000608C,HFRI Fund of Funds Conservative Index,Mellon,DW,TRUE,NAV,1,0
91354,UTJG00010000,TOTAL UTJ FUND,Mellon,DW,TRUE,NAV,1,0
117317,UGEF25620002,GEF TEXAS AM STUDENT,Mellon,DW,TRUE,NAV,1,0
117197,UGEF25610002,GEF UT AUSTIN STUDEN,Mellon,DW,TRUE,NAV,1,0
117137,UGEF25600002,GEF ECHO ST SEL PLUS,Mellon,DW,TRUE,NAV,1,0
117017,UGEF25590002,GEF ECHO STREET LO,Mellon,DW,TRUE,NAV,1,0
116897,UGEF25580002,GEF GQG GLOBAL,Mellon,DW,TRUE,NAV,1,0
116777,UGEF25550002,GEF TS CHINA,Mellon,DW,TRUE,NAV,1,0
116717,UGEF25540002,GEF TSAE US,Mellon,DW,TRUE,NAV,1,0
116597,UGEF25530002,GEF PIMCO STOCKSPLUS,Mellon,DW,TRUE,NAV,1,0
116477,UGEF25520002,GEF INTERNAL US TIPS,Mellon,DW,TRUE,NAV,1,0
116357,UGEF25510002,GEF SP II JPMorgan,Mellon,DW,TRUE,NAV,1,0
116237,UGEF25500002,GEF MW TOPS EM,Mellon,DW,TRUE,NAV,1,0
116177,UGEF25490002,GEF MW TOPS GLOBAL,Mellon,DW,TRUE,NAV,1,0
116117,UGEF25480002,GEF MW TOPS US,Mellon,DW,TRUE,NAV,1,0
116057,UGEF25470002,GEF TPG TPEP LO,Mellon,DW,TRUE,NAV,1,0
115997,UGEF25460002,GEF DE SHAW US130 30,Mellon,DW,TRUE,NAV,1,0
115817,UGEF25440002,GEF EMINENCE US,Mellon,DW,TRUE,NAV,1,0
115757,UGEF25430002,GEF AKO GLOBL LO,Mellon,DW,TRUE,NAV,1,0
115337,UGEF25320002,GEF Whitespruce,Mellon,DW,TRUE,NAV,1,0
72323,UPFF23970002,PUF HILLHOUSE QFII,Mellon,DW,TRUE,NAV,1,0
102258,UGEF30020002,GEF INT INV GRD CR,Mellon,DW,TRUE,NAV,1,0
102138,UGEF30010002,GEF INT US NOMINAL,Mellon,DW,TRUE,NAV,1,0
87083,UPFF27050002,PUF Charles Lim Asia,Mellon,DW,TRUE,NAV,1,0
102018,UGEF29620002,GEF TEMP OTC,Mellon,DW,TRUE,NAV,1,0
101958,UGEF29610002,GEF MSCI EM SHORT,Mellon,DW,TRUE,NAV,1,0
86843,UPFF27030002,PUF Acadian EM Small,Mellon,DW,TRUE,NAV,1,0
101778,UGEF29580002,GEF TEMP OTC 1,Mellon,DW,TRUE,NAV,1,0
101658,UGEF29560002,GEF HTAA RE OTC,Mellon,DW,TRUE,NAV,1,0
101598,UGEF29550002,GEF HTAA FX CLEARED,Mellon,DW,TRUE,NAV,1,0
101238,UGEF29490002,GEF HTAA CR FI CLEAR,Mellon,DW,TRUE,NAV,1,0
101178,UGEF29480002,GEF HTAA CR FI OTC,Mellon,DW,TRUE,NAV,1,0
101118,UGEF29470002,GEF HTAA IG FI CLEAR,Mellon,DW,TRUE,NAV,1,0
100998,UGEF29450002,GEF HTAA EM EQ CLEAR,Mellon,DW,TRUE,NAV,1,0
100878,UGEF29430002,GEF HTAA NONUS EQ CL,Mellon,DW,TRUE,NAV,1,0
100758,UGEF29410002,GEF HTAA US EQ CLEAR,Mellon,DW,TRUE,NAV,1,0
100638,UGEF29390002,GEF TEMP FUT 2,Mellon,DW,TRUE,NAV,1,0
100518,UGEF29370002,GEF TEMP OTC 2,Mellon,DW,TRUE,NAV,1,0
100398,UGEF29350002,GEF TEMP DERIV 5,Mellon,DW,TRUE,NAV,1,0
100338,UGEF29340002,GEF TEMP DERIV 4,Mellon,DW,TRUE,NAV,1,0
100278,UGEF29330002,GEF TEMP DERIV 3,Mellon,DW,TRUE,NAV,1,0
100263,IX1F0000607C,HFRI Fund of Funds Composite Index,Mellon,DW,TRUE,NAV,1,0
100218,UGEF29320002,GEF TEMP DERIV 2,Mellon,DW,TRUE,NAV,1,0
100203,IX1F0000572C,BofA Merrill Lynch 3 Month US Treasury Bill G0O1,Mellon,DW,TRUE,NAV,1,0
100158,UGEF29310002,GEF TEMP DERIV 1,Mellon,DW,TRUE,NAV,1,0
100143,IX1F0000538C,HFRI ED: Distressed/Restructuring Index,Mellon,DW,TRUE,NAV,1,0
100083,IX1F0000537C,HFRI Relative Value (Total) Index,Mellon,DW,TRUE,NAV,1,0
100038,UGEF29290002,GEF TEMP AC 8,Mellon,DW,TRUE,NAV,1,0
100023,IX1F0000536C,HFRI Macro (Total) Index,Mellon,DW,TRUE,NAV,1,0
99978,UGEF29280002,GEF TEMP AC 7,Mellon,DW,TRUE,NAV,1,0
99918,UGEF29270002,GEF TEMP AC 6,Mellon,DW,TRUE,NAV,1,0
99903,IX1F0000534C,HFRI Emerging Markets: Asia ex-Japan Index,Mellon,DW,TRUE,NAV,1,0
99843,IX1F0000533C,HFRI Equity Hedge (Total) Index,Mellon,DW,TRUE,NAV,1,0
99798,UGEF29250002,GEF TEMP AC 4,Mellon,DW,TRUE,NAV,1,0
99738,UGEF29240002,GEF TEMP AC 3,Mellon,DW,TRUE,NAV,1,0
99558,UGEF29210002,GEF TEMP AC 8,Mellon,DW,TRUE,NAV,1,0
99378,UGEF29180002,GEF TEMP AC 5,Mellon,DW,TRUE,NAV,1,0
99363,IX1F0000462C,MSCI China - A Shares Index USD,Mellon,DW,TRUE,NAV,1,0
99318,UGEF29170002,GEF TEMP AC 4,Mellon,DW,TRUE,NAV,1,0
99198,UGEF29150002,GEF TEMP AC 2,Mellon,DW,TRUE,NAV,1,0
99138,UGEF29140002,GEF TEMP AC 1,Mellon,DW,TRUE,NAV,1,0
99078,UGEF29130002,TEMP A/C 8,Mellon,DW,TRUE,NAV,1,0
99018,UGEF29120002,TEMP A/C 7,Mellon,DW,TRUE,NAV,1,0
98958,UGEF29110002,TEMP A/C 6,Mellon,DW,TRUE,NAV,1,0
98898,UGEF29100002,TEMP A/C 5,Mellon,DW,TRUE,NAV,1,0
98838,UGEF29090002,TEMP A/C 4,Mellon,DW,TRUE,NAV,1,0
98778,UGEF29080002,TEMP A/C 3,Mellon,DW,TRUE,NAV,1,0
98658,UGEF29060002,TEMP A/C 1,Mellon,DW,TRUE,NAV,1,0
98598,UGEF29050002,UGE TEMP AC8,Mellon,DW,TRUE,NAV,1,0
98478,UGEF29030002,UGE TEMP AC6,Mellon,DW,TRUE,NAV,1,0
98418,UGEF29020002,UGE TEMP AC5,Mellon,DW,TRUE,NAV,1,0
98358,UGEF29010002,TEMP A/C4,Mellon,DW,TRUE,NAV,1,0
98298,UGEF29000002,TEMP A/C 3,Mellon,DW,TRUE,NAV,1,0
98043,IX1F00003858,Russell 3000 Index,Mellon,DW,TRUE,NAV,1,0
97983,IX1F00003848,Barclays Capital Aggregate Bond Index,Mellon,DW,TRUE,NAV,1,0
85054,UTEG09400000,Total Priv Equity ex emg markt,Mellon,DW,TRUE,NAV,1,0
84994,UTEG09300000,PE Infra Transportation,Mellon,DW,TRUE,NAV,1,0
84934,UTEG09200000,PE Infra Power and Renewables,Mellon,DW,TRUE,NAV,1,0
84874,UTEG09100000,PE Infra Communications,Mellon,DW,TRUE,NAV,1,0
97218,UGEF27080002,GEF Janchor Opp II,Mellon,DW,TRUE,NAV,1,0
97158,UGEF27070002,GEF Janchor Opps,Mellon,DW,TRUE,NAV,1,0
97098,UGEF27060002,GEF Baker Brothers,Mellon,DW,TRUE,NAV,1,0
97038,UGEF27050002,GEF Charles Lim Asia,Mellon,DW,TRUE,NAV,1,0
96798,UGEF27030002,GEF Acadian EM Small,Mellon,DW,TRUE,NAV,1,0
83734,UTEG07200000,PE Total Infrastructure,Mellon,DW,TRUE,NAV,1,0
83614,UTEG07100000,PE Total Natural Resources,Mellon,DW,TRUE,NAV,1,0
96063,IX1F00003268,Lehman Brothers Treasury-Long Term,Mellon,DW,TRUE,NAV,1,0
83494,UTEG07000000,PE Total Private Equity,Mellon,DW,TRUE,NAV,1,0
83434,UTEG06900000,Total Pvt DCE ex Venture EM,Mellon,DW,TRUE,NAV,1,0
82894,UTEG06000000,Total Private Global Equity,Mellon,DW,TRUE,NAV,1,0
82834,UTEG05900000,NR Metals & Mining,Mellon,DW,TRUE,NAV,1,0
82774,UTEG05800000,NR Insrastructure,Mellon,DW,TRUE,NAV,1,0
82714,UTEG05710000,NR - Energy,Mellon,DW,TRUE,NAV,1,0
82594,UTEG05600000,NR Energy Service,Mellon,DW,TRUE,NAV,1,0
82534,UTEG05500000,NR Energy Midstream,Mellon,DW,TRUE,NAV,1,0
82474,UTEG05400000,NR Agriculture,Mellon,DW,TRUE,NAV,1,0
94578,UGEF26630002,GEF DM EM HG M1CNA,Mellon,DW,TRUE,NAV,1,0
94458,UGEF26620002,FACTOR BAKT DIRHF UN,Mellon,DW,TRUE,NAV,1,0
81994,UTEG04740000,DCE exVenture Non-US,Mellon,DW,TRUE,NAV,1,0
81934,UTEG04730000,DCE exVenture US,Mellon,DW,TRUE,NAV,1,0
94338,UGEF26600002,GEF SFA STUDENT,Mellon,DW,TRUE,NAV,1,0
111077,UGEF23970002,GEF Hillhouse QFII,Mellon,DW,TRUE,NAV,1,0
94278,UGEF26590002,GEF UTMF TEMP 18,Mellon,DW,TRUE,NAV,1,0
94218,UGEF26580002,GEF UTMF TEMP 17,Mellon,DW,TRUE,NAV,1,0
94158,UGEF26570002,GEF UTMF TEMP 16,Mellon,DW,TRUE,NAV,1,0
81694,UTEG04700000,Dev Cntry Eq excl Venture,Mellon,DW,TRUE,NAV,1,0
94098,UGEF26560002,GEF CARRHAE EX CHINA,Mellon,DW,TRUE,NAV,1,0
94038,UGEF26550002,GEF DM USD Hedge,Mellon,DW,TRUE,NAV,1,0
81574,UTEG04600000,Dev Cntry Eq Venture,Mellon,DW,TRUE,NAV,1,0
93978,UGEF26540002,GEF DER TEMP 10,Mellon,DW,TRUE,NAV,1,0
93918,UGEF26530002,GEF DER TEMP 9,Mellon,DW,TRUE,NAV,1,0
93858,UGEF26520002,GEF DER TEMP 8,Mellon,DW,TRUE,NAV,1,0
110597,UGEF23920002,GEF PROA Partners,Mellon,DW,TRUE,NAV,1,0
93798,UGEF26510002,GEF DER TEMP 7,Mellon,DW,TRUE,NAV,1,0
81334,UTEG04300000,TOTAL EM MKT EQUITY,Mellon,DW,TRUE,NAV,1,0
93738,UGEF26500002,GEF DER TEMP 6,Mellon,DW,TRUE,NAV,1,0
87261,ULTG00140000,Total Ex - Gsam,Mellon,DW,TRUE,NAV,1,0
110477,UGEF23910002,GEF Squadra Tex LLC,Mellon,DW,TRUE,NAV,1,0
93678,UGEF26490002,GEF UTMF TEMP 14,Mellon,DW,TRUE,NAV,1,0
93618,UGEF26480002,GEF UTMF TEMP 13,Mellon,DW,TRUE,NAV,1,0
81094,UTEG04100000,TOTAL REAL ESTATE,Mellon,DW,TRUE,NAV,1,0
93438,UGEF26460002,GEF UTMF TEMP 11,Mellon,DW,TRUE,NAV,1,0
93378,UGEF26450002,GEF UTMF TEMP 10,Mellon,DW,TRUE,NAV,1,0
80914,UTEG03900000,TOTAL CR REL FIXED,Mellon,DW,TRUE,NAV,1,0
110117,UGEF23870002,GEF Hillhouse Pool,Mellon,DW,TRUE,NAV,1,0
80854,UTEG00070000,Latin America Private RE,Mellon,DW,TRUE,NAV,1,0
110057,UGEF23860002,GEF Silchester,Mellon,DW,TRUE,NAV,1,0
80794,UTEG00060000,US/Canada RE,Mellon,DW,TRUE,NAV,1,0
93198,UGEF26420002,PUF UTMF TEMP 3,Mellon,DW,TRUE,NAV,1,0
80734,UTEG00050000,Global Private RE,Mellon,DW,TRUE,NAV,1,0
109937,UGEF23850002,GEF Dynamo,Mellon,DW,TRUE,NAV,1,0
93138,UGEF26410002,PUF UTMF TEMP 2,Mellon,DW,TRUE,NAV,1,0
80674,UTEG00040000,Europe Private RE,Mellon,DW,TRUE,NAV,1,0
93078,UGEF26400002,GEF UTMF TEMP 1,Mellon,DW,TRUE,NAV,1,0
80614,UTEG00030000,Asia Private RE,Mellon,DW,TRUE,NAV,1,0
80494,UTEG00010000,UTE TOTAL FUND,Mellon,DW,TRUE,NAV,1,0
86361,ULTG00010000,LTF - TOTAL FUND,Mellon,DW,TRUE,NAV,1,0
92778,UGEF26360002,GEF UTMF TEMP 6,Mellon,DW,TRUE,NAV,1,0
92658,UGEF26350002,GEF UTMF TEMP 5,Mellon,DW,TRUE,NAV,1,0
92598,UGEF26340002,GEF UTMF TEMP 4,Mellon,DW,TRUE,NAV,1,0
109337,UGEF23780002,GEF/HDFC,Mellon,DW,TRUE,NAV,1,0
92298,UGEF26290002,GEF TEMP OTC 1,Mellon,DW,TRUE,NAV,1,0
92178,UGEF26270002,GEF CCL DM PA,Mellon,DW,TRUE,NAV,1,0
92118,UGEF26260002,GEF Woodline Spire,Mellon,DW,TRUE,NAV,1,0
91938,UGEF26230002,GEF TEMP UTM 03,Mellon,DW,TRUE,NAV,1,0
91878,UGEF26220002,GEF TEMP UTM 02,Mellon,DW,TRUE,NAV,1,0
91818,UGEF26210002,GEF TEMP UTM 01,Mellon,DW,TRUE,NAV,1,0
91758,UGEF26200002,GEF PERSEVERANCECALO,Mellon,DW,TRUE,NAV,1,0
91458,UGEF26150002,GEF CARBON DIRECT II,Mellon,DW,TRUE,NAV,1,0
91398,UGEF26140002,GEF WHITEOAK INDIA,Mellon,DW,TRUE,NAV,1,0
91278,UGEF26130002,GEF FACTOR BKT UNI,Mellon,DW,TRUE,NAV,1,0
91218,UGEF26120002,GEF PIMCO CCAF,Mellon,DW,TRUE,NAV,1,0
91158,UGEF26110002,GEF WMA 120 20,Mellon,DW,TRUE,NAV,1,0
91038,UGEF26100002,GEF CCL EM,Mellon,DW,TRUE,NAV,1,0
90978,UGEF26090002,GEF JACOBS LEVY CORE,Mellon,DW,TRUE,NAV,1,0
90918,UGEF26080002,GEF JACOBS LEVY MC,Mellon,DW,TRUE,NAV,1,0
90738,UGEF26060002,GEF APERIO US,Mellon,DW,TRUE,NAV,1,0
90618,UGEF26050002,GEF APERIO FACTOR BK,Mellon,DW,TRUE,NAV,1,0
90558,UGEF26040002,GEF Tiger Global,Mellon,DW,TRUE,NAV,1,0
90498,UGEF26030002,GEF East Bridge,Mellon,DW,TRUE,NAV,1,0
107237,UGEF23431002,GEF Indus Forward,Mellon,DW,TRUE,NAV,1,0
107177,UGEF23430002,GEF Indus Japan Long,Mellon,DW,TRUE,NAV,1,0
90378,UGEF26020002,GEF Cegereal REIT,Mellon,DW,TRUE,NAV,1,0
90318,UGEF25790002,GEF SP Bridgewater,Mellon,DW,TRUE,NAV,1,0
90198,UGEF25780002,GEF FACTOR BASKET,Mellon,DW,TRUE,NAV,1,0
90078,UGEF25770002,GEF COOKE BIELER,Mellon,DW,TRUE,NAV,1,0
90018,UGEF25760002,GEF HILLHOUSE CHINA,Mellon,DW,TRUE,NAV,1,0
89958,UGEF25750002,GEF ARROWSTREET ACWI,Mellon,DW,TRUE,NAV,1,0
89718,UGEF25730002,GEF PIMCO LG TREAS,Mellon,DW,TRUE,NAV,1,0
89598,UGEF25720002,GEF BRANDYWINE LG,Mellon,DW,TRUE,NAV,1,0
89478,UGEF25700002,GEF SP I Blackrock,Mellon,DW,TRUE,NAV,1,0
89358,UGEF25690002,GEF ECHO STREET NW,Mellon,DW,TRUE,NAV,1,0
89298,UGEF25680002,GEF ARROWSTREET EM,Mellon,DW,TRUE,NAV,1,0
89178,UGEF25670002,GEF TAIWAN SEMI,Mellon,DW,TRUE,NAV,1,0
89058,UGEF25660002,GEF GEN GLOBAL,Mellon,DW,TRUE,NAV,1,0
88938,UGEF25650002,GEF INTERNAL LONG TR,Mellon,DW,TRUE,NAV,1,0
88818,UGEF25640002,GEF GRAND ALL TAIWAN,Mellon,DW,TRUE,NAV,1,0
88758,UGEF25630002,GEF COREVIEW CHINA,Mellon,DW,TRUE,NAV,1,0
103338,UGEF30410002,GEF FIA,Mellon,DW,TRUE,NAV,1,0
104837,UGEF22970002,GEF Westwood Dev,Mellon,DW,TRUE,NAV,1,0
97815,IX1G00262758,Tokyo Stock Exchange 1st Sec Index USD,Mellon,DW,TRUE,NAV,1,0
103218,UGEF30400002,GEF Colchester Pool,Mellon,DW,TRUE,NAV,1,0
84084,UPFG00015600,PUF Total Fund excl DTAA,Mellon,DW,TRUE,NAV,1,0
84024,UPFG00015500,PUF Total Fund excl TAA,Mellon,DW,TRUE,NAV,1,0
102738,UGEF30160002,GEF BRANDYWINE GLBL,Mellon,DW,TRUE,NAV,1,0
102498,UGEF30101002,GEF GMO EMERGING DEB,Mellon,DW,TRUE,NAV,1,0
103997,UGEF22830002,GEF EC Longhorn,Mellon,DW,TRUE,NAV,1,0
103817,UGEF22810002,GEF CANTILLON POOL,Mellon,DW,TRUE,NAV,1,0
83484,UPFG00012100,PUF Tot Public Equity,Mellon,DW,TRUE,NAV,1,0
83304,UPFG00010000,Puf Total Fund,Mellon,DW,TRUE,NAV,1,0
82644,UPFF44260002,PUF PE REAL EST,Mellon,DW,TRUE,NAV,1,0
82524,UPFF44250002,PUF PE INFRASTRUCT,Mellon,DW,TRUE,NAV,1,0
102677,UGEF22630002,GEF Petra,Mellon,DW,TRUE,NAV,1,0
82284,UPFF44240002,PUF PE NAT RESRC,Mellon,DW,TRUE,NAV,1,0
82164,UPFF44230002,PUF PE Venture,Mellon,DW,TRUE,NAV,1,0
102377,UGEF22590002,GEF RUSSIAN PRSPRTY,Mellon,DW,TRUE,NAV,1,0
82044,UPFF44220002,PUF PE Credit,Mellon,DW,TRUE,NAV,1,0
81804,UPFF44210002,PUF PE EMER MKTS,Mellon,DW,TRUE,NAV,1,0
81684,UPFF44200002,PUF PE BYOUT OTH,Mellon,DW,TRUE,NAV,1,0
79764,UPFF42150002,PUF Viking Global In,Mellon,DW,TRUE,NAV,1,0
76521,UGEGX0903150,Cambridge PE Real Estate,Mellon,DW,TRUE,NAV,1,0
76461,UGEGX0903149,Cambridge PE Infrastructure,Mellon,DW,TRUE,NAV,1,0
76401,UGEGX0903148,Cambridge NR Engy Upstream Roy,Mellon,DW,TRUE,NAV,1,0
76341,UGEGX0903147,Cambridge NR Timber,Mellon,DW,TRUE,NAV,1,0
76281,UGEGX0903146,Cambridge NR Mining,Mellon,DW,TRUE,NAV,1,0
76221,UGEGX0903145,Cambridge PE Emerg Mkts,Mellon,DW,TRUE,NAV,1,0
76161,UGEGX0903144,Cambridge PE Buyout,Mellon,DW,TRUE,NAV,1,0
76101,UGEGX0903143,Cambridge PE Venture,Mellon,DW,TRUE,NAV,1,0
76041,UGEGX0903142,Cambridge PE Credit,Mellon,DW,TRUE,NAV,1,0
75981,UGEGX0903141,S&P 500 minus 1.5,Mellon,DW,TRUE,NAV,1,0
75921,UGEGX0903140,Blended Private Equity ex EM,Mellon,DW,TRUE,NAV,1,0
75861,UGEGX0903138,Custom Cantillon,Mellon,DW,TRUE,NAV,1,0
75681,UGEGX0903134,Innovation and Disruption BM,Mellon,DW,TRUE,NAV,1,0
89951,IX1F00274888,MSCI Emerging Markets Net Dividend Index,Mellon,DW,TRUE,NAV,1,0
75621,UGEGX0903133,Petra Custom Benchmark,Mellon,DW,TRUE,NAV,1,0
75561,UGEGX0903132,Custom Pimco Stock Plus,Mellon,DW,TRUE,NAV,1,0
75381,UGEGX0903129,Public SPN Custom Blend,Mellon,DW,TRUE,NAV,1,0
75321,UGEGX0903128,Albourne Tail Hedge Custom,Mellon,DW,TRUE,NAV,1,0
75261,UGEGX0903127,Real Estate Combined Custom,Mellon,DW,TRUE,NAV,1,0
75201,UGEGX0903126,Westwood Global Custom BM,Mellon,DW,TRUE,NAV,1,0
75021,UGEGX0903122,Inflation Linked Bonds Custom,Mellon,DW,TRUE,NAV,1,0
74961,UGEGX0903121,Public SPN Custom,Mellon,DW,TRUE,NAV,1,0
77784,UPFF30410002,PUF FIA,Mellon,DW,TRUE,NAV,1,0
77664,UPFF30400002,PUF Colchester Pool,Mellon,DW,TRUE,NAV,1,0
74421,UGEGX0903112,Dreyfus,Mellon,DW,TRUE,NAV,1,0
77184,UPFF30160002,PUF BRANDYWINE GLBL,Mellon,DW,TRUE,NAV,1,0
74181,UGEGX0903108,PIMCO Custom Benchmark,Mellon,DW,TRUE,NAV,1,0
76944,UPFF30101002,PUF GMO EMERGING,Mellon,DW,TRUE,NAV,1,0
76704,UPFF30020002,PUF INT INV GRD CR,Mellon,DW,TRUE,NAV,1,0
76584,UPFF30010002,PUF INT US NOMINAL,Mellon,DW,TRUE,NAV,1,0
101360,UGEGX0903086,HFRI EH Healthcare,Mellon,DW,TRUE,NAV,1,0
76404,UPFF29620002,PUF TEMP OTC,Mellon,DW,TRUE,NAV,1,0
89901,UPFF20580002,PUF PIMCO FIXED INC,Mellon,DW,TRUE,NAV,1,0
76344,UPFF29610002,PUF MSCI EM SHORT,Mellon,DW,TRUE,NAV,1,0
101240,UGEGX0903084,ITF Tot Dev Cty and EM Eq,Mellon,DW,TRUE,NAV,1,0
101180,UGEGX0903083,PUF/GEF Tot Dev Cty and EM Eq,Mellon,DW,TRUE,NAV,1,0
76164,UPFF29580002,PUF TEMP OTC 1,Mellon,DW,TRUE,NAV,1,0
76044,UPFF29560002,PUF HTAA RE OTC,Mellon,DW,TRUE,NAV,1,0
75984,UPFF29550002,PUF HTAA FX CLEARED,Mellon,DW,TRUE,NAV,1,0
100880,UGEGX0903078,Custom Colchester Index,Mellon,DW,TRUE,NAV,1,0
100760,UGEGX0903076,Tybourne Custom BM,Mellon,DW,TRUE,NAV,1,0
100580,UGEGX0903073,MSCI Europe Local,Mellon,DW,TRUE,NAV,1,0
75624,UPFF29490002,PUF HTAA CR FI CLEAR,Mellon,DW,TRUE,NAV,1,0
75564,UPFF29480002,PUF HTAA CR FI OTC,Mellon,DW,TRUE,NAV,1,0
100460,UGEGX0903071,Blakeney Composite Benchmark,Mellon,DW,TRUE,NAV,1,0
75504,UPFF29470002,PUF HTAA IG FI CLEAR,Mellon,DW,TRUE,NAV,1,0
75384,UPFF29450002,PUF HTAA EM EQ CLEAR,Mellon,DW,TRUE,NAV,1,0
100280,UGEGX0903068,Custom NCREIF Index,Mellon,DW,TRUE,NAV,1,0
75264,UPFF29430002,PUF HTAA NONUS EQ CL,Mellon,DW,TRUE,NAV,1,0
100160,UGEGX0903066,ITF Dev Eq Asset Class,Mellon,DW,TRUE,NAV,1,0
100100,UGEGX0903065,ITF Real Estate Asset Class,Mellon,DW,TRUE,NAV,1,0
75144,UPFF29410002,PUF HTAA US EQ CLEAR,Mellon,DW,TRUE,NAV,1,0
99980,UGEGX0903063,ITF InvGrd Asset Class,Mellon,DW,TRUE,NAV,1,0
75024,UPFF29390002,PUF TEMP FUT 2,Mellon,DW,TRUE,NAV,1,0
99860,UGEGX0903061,PUFGEF Emerg Eq Asset Class,Mellon,DW,TRUE,NAV,1,0
74904,UPFF29370002,PUF TEMP OTC 2,Mellon,DW,TRUE,NAV,1,0
99800,UGEGX0903060,PUFGEF Dev Eq Asset Class,Mellon,DW,TRUE,NAV,1,0
99740,UGEGX0903059,MCC RE ASSET CLASS,Mellon,DW,TRUE,NAV,1,0
74784,UPFF29350002,PUF TEMP DERIV 5,Mellon,DW,TRUE,NAV,1,0
74724,UPFF29340002,PUF TEMP DERIV 4,Mellon,DW,TRUE,NAV,1,0
99620,UGEGX0903057,PUFGEF InvGrd Asset Class,Mellon,DW,TRUE,NAV,1,0
74664,UPFF29330002,PUF TEMP DERIV 3,Mellon,DW,TRUE,NAV,1,0
74604,UPFF29320002,PUF TEMP DERIV 2,Mellon,DW,TRUE,NAV,1,0
74544,UPFF29310002,PUF TEMP DERIV 1,Mellon,DW,TRUE,NAV,1,0
74424,UPFF29290002,PUF TEMP AC 8,Mellon,DW,TRUE,NAV,1,0
99320,UGEGX0903052,S&P/MSCI World Net Div Index,Mellon,DW,TRUE,NAV,1,0
74364,UPFF29280002,PUF TEMP AC 7,Mellon,DW,TRUE,NAV,1,0
74304,UPFF29270002,PUF TEMP AC 6,Mellon,DW,TRUE,NAV,1,0
74184,UPFF29250002,PUF TEMP AC 4,Mellon,DW,TRUE,NAV,1,0
74124,UPFF29240002,PUF TEMP AC 3,Mellon,DW,TRUE,NAV,1,0
73944,UPFF29210002,PUF TEMP AC 8,Mellon,DW,TRUE,NAV,1,0
73764,UPFF29180002,PUF TEMP AC 5,Mellon,DW,TRUE,NAV,1,0
73704,UPFF29170002,PUF TEMP AC 4,Mellon,DW,TRUE,NAV,1,0
73584,UPFF29150002,PUF TEMP AC 2,Mellon,DW,TRUE,NAV,1,0
73524,UPFF29140002,PUF TEMP AC 1,Mellon,DW,TRUE,NAV,1,0
73464,UPFF29130002,TEMP A/C 8,Mellon,DW,TRUE,NAV,1,0
73404,UPFF29120002,TEMP A/C 7,Mellon,DW,TRUE,NAV,1,0
73344,UPFF29110002,TEMP A/C 6,Mellon,DW,TRUE,NAV,1,0
73284,UPFF29100002,TEMP A/C 5,Mellon,DW,TRUE,NAV,1,0
84551,IX1F00270627,MSCI United States Investable Markets Index,Mellon,DW,TRUE,NAV,1,0
73164,UPFF29080002,TEMP A/C 3,Mellon,DW,TRUE,NAV,1,0
73104,UPFF29070002,TEMP A/C 2,Mellon,DW,TRUE,NAV,1,0
98000,UGEGX0903019,VENTURE ECONOMICS CUSTOMER INDEX,Mellon,DW,TRUE,NAV,1,0
73044,UPFF29060002,TEMP A/C 1,Mellon,DW,TRUE,NAV,1,0
72984,UPFF29050002,UPF TEMP AC8,Mellon,DW,TRUE,NAV,1,0
72864,UPFF29030002,UPF TEMP AC6,Mellon,DW,TRUE,NAV,1,0
97760,UGEGX0903006,MSCI HEDGE FUND INVESTABLE INDEX,Mellon,DW,TRUE,NAV,1,0
72804,UPFF29020002,UPF TEMP AC5,Mellon,DW,TRUE,NAV,1,0
97700,UGEGX0903003,Total Fund Composite,Mellon,DW,TRUE,NAV,1,0
72744,UPFF29010002,TEMP A/C 4,Mellon,DW,TRUE,NAV,1,0
97640,UGEGX0903002,LTFGEF Historical Policy wVE,Mellon,DW,TRUE,NAV,1,0
72684,UPFF29000002,TEMP A/C 3,Mellon,DW,TRUE,NAV,1,0
97580,UGEGX0903001,Total Fund Composite,Mellon,DW,TRUE,NAV,1,0
100216,UGEF20580002,GEF PIMCO FIXED INC,Mellon,DW,TRUE,NAV,1,0
71604,UPFF27080002,PUF Janchor Opp II,Mellon,DW,TRUE,NAV,1,0
71544,UPFF27070002,PUF Janchor Opps,Mellon,DW,TRUE,NAV,1,0
71484,UPFF27060002,PUF Baker Brothers,Mellon,DW,TRUE,NAV,1,0
95180,UGEG43000001,GEF POLAR BIO CONSOL,Mellon,DW,TRUE,NAV,1,0
95120,UGEG42540000,GEF Tybourne Combined,Mellon,DW,TRUE,NAV,1,0
94820,UGEG38000001,GEF Total Private Equity,Mellon,DW,TRUE,NAV,1,0
94760,UGEG37010000,GEF Tot Portable Alpha US Con,Mellon,DW,TRUE,NAV,1,0
94640,UGEG36010000,GEF Tot Portable Alpha EM Con,Mellon,DW,TRUE,NAV,1,0
81011,IX1F00262588,Barclays Capital Global Aggregate Index Hedged in USD,Mellon,DW,TRUE,NAV,1,0
94340,UGEG35040000,GEF Janus Consol,Mellon,DW,TRUE,NAV,1,0
94280,UGEG35030000,Total Portable Alpha Developed,Mellon,DW,TRUE,NAV,1,0
94220,UGEG35020000,Paradigm with Biotech Hedge,Mellon,DW,TRUE,NAV,1,0
94160,UGEG35010000,GEF Tot Portable Alpha Con,Mellon,DW,TRUE,NAV,1,0
93560,UGEG30100000,GEF GMO Emerging Debt Combined,Mellon,DW,TRUE,NAV,1,0
93320,UGEG29170000,GEF Tot Inflation Linked Bonds,Mellon,DW,TRUE,NAV,1,0
92600,UGEG26120000,GEF Innovation and Disruption,Mellon,DW,TRUE,NAV,1,0
92540,UGEG25700000,GEF Total Public SPN,Mellon,DW,TRUE,NAV,1,0
92480,UGEG25650000,GEF INTERNAL LONG TREASURY,Mellon,DW,TRUE,NAV,1,0
92300,UGEG25300000,GEF Wellington Combined,Mellon,DW,TRUE,NAV,1,0
92000,UGEG24590000,GEF HF Directional Total,Mellon,DW,TRUE,NAV,1,0
91700,UGEG23930000,GEF AKO Combined,Mellon,DW,TRUE,NAV,1,0
91220,UGEG22990002,GEF ACADIAN US M with Hedge,Mellon,DW,TRUE,NAV,1,0
83122,UPFF23431002,PUF Indus Forward,Mellon,DW,TRUE,NAV,1,0
83062,UPFF23430002,PUF Indus Japan Long,Mellon,DW,TRUE,NAV,1,0
90680,UGEG11000000,GEF Cash and Equivalents,Mellon,DW,TRUE,NAV,1,0
90320,UGEG05600000,GEF Stable Value HF,Mellon,DW,TRUE,NAV,1,0
90200,UGEG05510000,GEF Total Stable Value,Mellon,DW,TRUE,NAV,1,0
90080,UGEG05451000,GEF Total Real Return,Mellon,DW,TRUE,NAV,1,0
89660,UGEG04910000,GEF Total Global Equity,Mellon,DW,TRUE,NAV,1,0
81622,UPFF23200002,PUF VALUE ACT CAP,Mellon,DW,TRUE,NAV,1,0
80602,UPFF22970002,PUF Westwood Dev,Mellon,DW,TRUE,NAV,1,0
90911,IX1F00278727,NASDAQ BioTech Total Return Index,Mellon,DW,TRUE,NAV,1,0
79762,UPFF22830002,PUF EC Longhorn,Mellon,DW,TRUE,NAV,1,0
79582,UPFF22810002,PUF CANTILLON POOL,Mellon,DW,TRUE,NAV,1,0
78442,UPFF22630002,PUF Petra,Mellon,DW,TRUE,NAV,1,0
78142,UPFF22590002,PUF RUSSIAN PRSPRTY,Mellon,DW,TRUE,NAV,1,0
105199,UGEG04100000,TOTAL REAL ESTATE,Mellon,DW,TRUE,NAV,1,0
104419,UGEG03500000,MORE CORR EM MKT EQ,Mellon,DW,TRUE,NAV,1,0
103999,UGEG03200000,MORE CORR DEV CTRY,Mellon,DW,TRUE,NAV,1,0
103699,UGEG02900000,MORE CORR RL EST,Mellon,DW,TRUE,NAV,1,0
80529,IX1F00130948,Barclays Capital Global Inflation-Linked: U.S. TIPS Index,Mellon,DW,TRUE,NAV,1,0
88987,IX1F00112407,MSCI All Country World Investable Market Net Index,Mellon,DW,TRUE,NAV,1,0
88447,IX1F00109378,MSCI US REIT Index,Mellon,DW,TRUE,NAV,1,0
87547,IX1F00100188,MSCI EAFE + Canada Net Dividend Index,Mellon,DW,TRUE,NAV,1,0
81486,IX1F00061088,Russell 3000 Value Index,Mellon,DW,TRUE,NAV,1,0
91508,IX1F00128388,MSCI United States-Value Index,Mellon,DW,TRUE,NAV,1,0
80226,IX1F0005747C,MSCI Emerging Markets Small Cap Net Index,Mellon,DW,TRUE,NAV,1,0
78606,IX1F00053058,MSCI United States Net Dividend Index,Mellon,DW,TRUE,NAV,1,0
78366,IX1F0005296C,S&P Pan Arab Net Index,Mellon,DW,TRUE,NAV,1,0
81787,IX1F00092528,MSCI World Ex United States Net Dividend,Mellon,DW,TRUE,NAV,1,0
78006,IX1F00052708,MSCI EAFE Net Dividend Index,Mellon,DW,TRUE,NAV,1,0
88386,IX1F00079527,MSCI Emerging Markets Investable Market Index Net,Mellon,DW,TRUE,NAV,1,0
77886,IX1F00052438,MSCI World Net Dividend Index,Mellon,DW,TRUE,NAV,1,0
85152,IX1F00396137,MSCI Emerging Markets Ex China Index~,Mellon,DW,TRUE,NAV,1,0
88326,IX1F00079488,S&P 500 - Total Return Index,Mellon,DW,TRUE,NAV,1,0
84732,IX1F00371967,MSCI India Mid Cap Index,Mellon,DW,TRUE,NAV,1,0
87726,IX1F00078668,MSCI China Index,Mellon,DW,TRUE,NAV,1,0
83232,IX1F00343447,MSCI China A International NET Index,Mellon,DW,TRUE,NAV,1,0
82992,IX1F00342167,HFRI Event Driven Multi-Strategy Index,Mellon,DW,TRUE,NAV,1,0
82812,IX1F00337457,MSCI China All Shares Net Index,Mellon,DW,TRUE,NAV,1,0
82692,IX1F00335937,MSCI EMERGING FRONTIER MARKETS AFRICA EX SOUTH AFRICA NET INDEX,Mellon,DW,TRUE,NAV,1,0
82332,IX1F00309178,MSCI All Country Asia x Japan Net Dividend Index,Mellon,DW,TRUE,NAV,1,0
81732,IX1F00301098,NASDAQ Biotech Index,Mellon,DW,TRUE,NAV,1,0
81672,IX1F00300908,Barclays Global High Yield Index,Mellon,DW,TRUE,NAV,1,0
86482,UPFF23920002,PUF PROA Partners,Mellon,DW,TRUE,NAV,1,0
81552,IX1F00298908,Dow Jones UBS Commodity Index TR,Mellon,DW,TRUE,NAV,1,0
86362,UPFF23910002,PUF Squadra Tex LLC,Mellon,DW,TRUE,NAV,1,0
84308,IX1F00126038,MSCI EAFE Value Net Dividend Index,Mellon,DW,TRUE,NAV,1,0
86002,UPFF23870002,PUF Hillhouse Pool,Mellon,DW,TRUE,NAV,1,0
85942,UPFF23860002,PUF Silchester,Mellon,DW,TRUE,NAV,1,0
85822,UPFF23850002,PUF Dynamo,Mellon,DW,TRUE,NAV,1,0
85222,UPFF23780002,PUF HDFC,Mellon,DW,TRUE,NAV,1,0
80172,IX1F00285998,MSCI All Country World Net Index,Mellon,DW,TRUE,NAV,1,0
79572,IX1F00285408,MSCI All Country Asia Pacific Net Index,Mellon,DW,TRUE,NAV,1,0
93003,IX1F0000194C,JP Morgan Emerging Market Bond Index Global - Restricted Use,Mellon,DW,TRUE,NAV,1,0
78372,IX1F00281838,MSCI Taiwan Net Dividend Index,Mellon,DW,TRUE,NAV,1,0
101525,IX1F00046088,MSCI India Index,Mellon,DW,TRUE,NAV,1,0
91925,IX1F0003428C,FTSE EPRA/NAREIT Developed ex US Index Net TRI,Mellon,DW,TRUE,NAV,1,0
90665,IX1F00032648,Russell Top 200 Index,Mellon,DW,TRUE,NAV,1,0
1313,UGEG04100000,GEF TOTAL RE,,HistoricalLoad,TRUE,NAV,1,0
773,UGEG03500000,GEF MORE CORR EM MKT EQ,,HistoricalLoad,TRUE,NAV,1,0
713,UGEG03500000,GEF EM Public Equity,,HistoricalLoad,TRUE,NAV,1,0
653,UGEG03500000,GEF EM PUBLIC EQ,,HistoricalLoad,TRUE,NAV,1,0
413,UGEG03200000,GEF Total Dev Public Equity,,HistoricalLoad,TRUE,NAV,1,0
353,UGEG03200000,GEF MORE CORR DEV CTRY,,HistoricalLoad,TRUE,NAV,1,0
293,UGEG03200000,GEF DEV PUBLIC EQ,,HistoricalLoad,TRUE,NAV,1,0
9960,UTEG09300000,Infra - Transportation,,HistoricalLoad,TRUE,NAV,1,0
9900,UTEG09200000,Infra - Power & Renewables,,HistoricalLoad,TRUE,NAV,1,0
9840,UTEG09100000,Infra - Communications,,HistoricalLoad,TRUE,NAV,1,0
9480,UTEG07200000,Total Infrastructure,,HistoricalLoad,TRUE,NAV,1,0
9420,UTEG07100000,Total Natural Resources,,HistoricalLoad,TRUE,NAV,1,0
9360,UTEG07100000,TOTAL NATURAL RESOUR,,HistoricalLoad,TRUE,NAV,1,0
9300,UTEG07000000,Private Equity,,HistoricalLoad,TRUE,NAV,1,0
9240,UTEG06900000,PE Total Pvt Eq and EM,,HistoricalLoad,TRUE,NAV,1,0
9180,UTEG06900000,,,HistoricalLoad,TRUE,NAV,1,0
8700,UTEG06000000,Total Private Equity,,HistoricalLoad,TRUE,NAV,1,0
8640,UTEG05900000,NR - Metals & Mining,,HistoricalLoad,TRUE,NAV,1,0
8580,UTEG05800000,PE Infrastructure,,HistoricalLoad,TRUE,NAV,1,0
8520,UTEG05800000,PE Infra Diversified,,HistoricalLoad,TRUE,NAV,1,0
8460,UTEG05800000,Infra - Diversified,,HistoricalLoad,TRUE,NAV,1,0
8340,UTEG05600000,PE Energy Service,,HistoricalLoad,TRUE,NAV,1,0
8280,UTEG05500000,PE Infr Energy Midstream,,HistoricalLoad,TRUE,NAV,1,0
8220,UTEG05500000,Infra - Energy Midstream,,HistoricalLoad,TRUE,NAV,1,0
8160,UTEG05400000,NR - Agriculture,,HistoricalLoad,TRUE,NAV,1,0
7860,UTEG04740000,,,HistoricalLoad,TRUE,NAV,1,0
7800,UTEG04730000,,,HistoricalLoad,TRUE,NAV,1,0
7740,UTEG04600000,Venture Capital,,HistoricalLoad,TRUE,NAV,1,0
7680,UTEG04600000,PE Total Venture,,HistoricalLoad,TRUE,NAV,1,0
7500,UTEG04300000,Total EM Market Eq,,HistoricalLoad,TRUE,NAV,1,0
7440,UTEG04300000,PRIVATE EMERGING MKT,,HistoricalLoad,TRUE,NAV,1,0
7380,UTEG04300000,Private Emerging Markets,,HistoricalLoad,TRUE,NAV,1,0
7320,UTEG04300000,PE Total Emerging Mkts,,HistoricalLoad,TRUE,NAV,1,0
7200,UTEG04100000,Total Private Real Estate,,HistoricalLoad,TRUE,NAV,1,0
7140,UTEG04100000,TOT PVT REAL ESTATE,,HistoricalLoad,TRUE,NAV,1,0
7080,UTEG04100000,PE Total Real Estate,,HistoricalLoad,TRUE,NAV,1,0
6960,UTEG03900000,Total Cr Related Fixed,,HistoricalLoad,TRUE,NAV,1,0
6900,UTEG03900000,Private Credit,,HistoricalLoad,TRUE,NAV,1,0
6840,UTEG03900000,PE Total Credit,,HistoricalLoad,TRUE,NAV,1,0
6780,UTEG00070000,Private RE - Latin America,,HistoricalLoad,TRUE,NAV,1,0
6720,UTEG00060000,Private RE - US & Canada,,HistoricalLoad,TRUE,NAV,1,0
6660,UTEG00050000,Private RE - Global,,HistoricalLoad,TRUE,NAV,1,0
6600,UTEG00040000,Private RE - Europe,,HistoricalLoad,TRUE,NAV,1,0
6540,UTEG00040000,,,HistoricalLoad,TRUE,NAV,1,0
6480,UTEG00030000,Private RE - Asia,,HistoricalLoad,TRUE,NAV,1,0
6420,UTEG00010000,Total Fund,,HistoricalLoad,TRUE,NAV,1,0
1017,UTBG25650000,ITF Long Treasury,,HistoricalLoad,TRUE,NAV,1,0
957,UTBG25300000,ITF Wellington Commodity NR,,HistoricalLoad,TRUE,NAV,1,0
897,UTBG24590000,ITF Total Directional Hedge,,HistoricalLoad,TRUE,NAV,1,0
837,UTBG11000000,ITF Cash and Equivalents,,HistoricalLoad,TRUE,NAV,1,0
477,UTBG04100000,ITF TOTAL REAL ESTATE,,HistoricalLoad,TRUE,NAV,1,0
417,UTBG04100000,ITF TOTAL RE,,HistoricalLoad,TRUE,NAV,1,0
14921,IX1F00130948,Lehman Brothers Global Inflation-Linked: US TIPS,,HistoricalLoad,TRUE,NAV,1,0
14861,IX1F00130948,Bloomberg Global Inflation-Linked: U.S. TIPS Index,,HistoricalLoad,TRUE,NAV,1,0
14801,IX1F00130948,Bloomberg Barclays Global Inflation-Linked: U.S. TIPS Index,,HistoricalLoad,TRUE,NAV,1,0
14741,IX1F00130948,Barclays Global Inflation-Linked: U.S. TIPS Index,,HistoricalLoad,TRUE,NAV,1,0
14681,IX1F00130948,Barclays Capital Global Inflation-Linked: US TIPS Index,,HistoricalLoad,TRUE,NAV,1,0
2327,IX1F00335937,MSCI Emerging Frontier Markets Africa x South Africa Net Idx,,HistoricalLoad,TRUE,NAV,1,0
2267,IX1F00335937,MSCI Emerging Frontier Markets Africa Ex South Africa Net In,,HistoricalLoad,TRUE,NAV,1,0
8321,IX1F00126038,MSCI EAFE Net Div-Value Index,,HistoricalLoad,TRUE,NAV,1,0
13433,UPFF23200002,PUF Value Act Capital,,HistoricalLoad,TRUE,NAV,1,0
12713,UPFF22810002,PUF Cantillon,,HistoricalLoad,TRUE,NAV,1,0
12233,UPFF22590002,PUF Russian Prosperity Fund,,HistoricalLoad,TRUE,NAV,1,0
9473,UPFF20580002,PUF PIMCO Fixed Income,,HistoricalLoad,TRUE,NAV,1,0
1121,IX1F00109378,Morgan Stanley REIT Index,,HistoricalLoad,TRUE,NAV,1,0
8153,ULTG00010000,Ltf Total Fund,,HistoricalLoad,TRUE,NAV,1,0
7073,UGEGX0903084,ITF Total Public Equity BM,,HistoricalLoad,TRUE,NAV,1,0
7013,UGEGX0903084,ITF MCC Tot Dev and EM Eq,,HistoricalLoad,TRUE,NAV,1,0
6953,UGEGX0903083,PUF/GEF MCC Tot Dev and EM Eq,,HistoricalLoad,TRUE,NAV,1,0
6893,UGEGX0903083,PUF GEF Total Public Equity BM,,HistoricalLoad,TRUE,NAV,1,0
6653,UGEGX0903068,Cambridge/NCREIF Index,,HistoricalLoad,TRUE,NAV,1,0
6593,UGEGX0903068,Blended Private Real Estate,,HistoricalLoad,TRUE,NAV,1,0
6413,UGEGX0903059,PUFGEF Real Estate Asset Class,,HistoricalLoad,TRUE,NAV,1,0
42,IX1F00130948,Lehman Brothers Treasury Inflation Protected Sec,,HistoricalLoad,TRUE,NAV,1,0
4913,UGEGX0903019,Venture Economics Benchmark,,HistoricalLoad,TRUE,NAV,1,0
4853,UGEGX0903019,Cambridge/Venture Economics,,HistoricalLoad,TRUE,NAV,1,0
4793,UGEGX0903019,Blended Private Equity,,HistoricalLoad,TRUE,NAV,1,0
4253,UGEGX0903006,Equity Hedge-Composite,,HistoricalLoad,TRUE,NAV,1,0
4073,UGEGX0903003,ITF Historical Policy wVE,,HistoricalLoad,TRUE,NAV,1,0
4013,UGEGX0903001,PUF Historical Policy wVE,,HistoricalLoad,TRUE,NAV,1,0
3653,UGEG25700000,GEF Strategic Partnerships,,HistoricalLoad,TRUE,NAV,1,0
3593,UGEG25650000,GEF Long Treasury,,HistoricalLoad,TRUE,NAV,1,0
3533,UGEG25300000,GEF Wellington Commodity NR,,HistoricalLoad,TRUE,NAV,1,0
3413,UGEG24590000,GEF Total Directional Hedge,,HistoricalLoad,TRUE,NAV,1,0
1373,UGEG04100000,GEF TOTAL REAL ESTATE,,HistoricalLoad,TRUE,NAV,1,0
13915,UTAG00030000,SI Fund Pool,,HistoricalLoad,TRUE,NAV,1,0
13855,UTAG00010000,EQ/D Fund Fool,,HistoricalLoad,TRUE,NAV,1,0
5215,UPHG00010000,TOTAL CONSOLIDATION,,HistoricalLoad,TRUE,NAV,1,0
4795,UPFG25700000,PUF Strategic Partnerships,,HistoricalLoad,TRUE,NAV,1,0
4735,UPFG25650000,PUF Long Treasury,,HistoricalLoad,TRUE,NAV,1,0
4675,UPFG25300000,PUF Wellington Commodity NR,,HistoricalLoad,TRUE,NAV,1,0
4615,UPFG24590000,PUF Total Directional Hedge,,HistoricalLoad,TRUE,NAV,1,0
4315,UPFG12030000,Puf Pimco Consolidated,,HistoricalLoad,TRUE,NAV,1,0
3235,UPFG10170000,PUF Internal Fixed Income,,HistoricalLoad,TRUE,NAV,1,0
2395,UPFG04100000,PUF TOTAL REAL ESTATE,,HistoricalLoad,TRUE,NAV,1,0
2335,UPFG04100000,PUF TOTAL RE,,HistoricalLoad,TRUE,NAV,1,0
1855,UPFG03500000,PUF MORE CORR EM MKT EQ,,HistoricalLoad,TRUE,NAV,1,0
1795,UPFG03500000,PUF EM Public Equity,,HistoricalLoad,TRUE,NAV,1,0
1735,UPFG03500000,PUF EM PUBLIC EQ,,HistoricalLoad,TRUE,NAV,1,0
1495,UPFG03200000,PUF Total Dev Public Equity,,HistoricalLoad,TRUE,NAV,1,0
1435,UPFG03200000,PUF MORE CORR DEV CTRY,,HistoricalLoad,TRUE,NAV,1,0
1375,UPFG03200000,PUF DEV PUBLIC EQ,,HistoricalLoad,TRUE,NAV,1,0
1135,UPFG02900000,PUF Public Real Estate,,HistoricalLoad,TRUE,NAV,1,0
1075,UPFG02900000,PUF MORE CORR RL EST,,HistoricalLoad,TRUE,NAV,1,0
655,UPFG02300000,PUF Cr Related Fixed Income,,HistoricalLoad,TRUE,NAV,1,0
475,UPFG02010000,PUF Total Inv Gr Fixed Income,,HistoricalLoad,TRUE,NAV,1,0
415,UPFG02010000,PUF Public Inv Grade Comp,,HistoricalLoad,TRUE,NAV,1,0
355,UPFG02010000,PUF MCC Inv Grade Comp,,HistoricalLoad,TRUE,NAV,1,0
295,UPFG02010000,PUF MCC Inv Gr less Liq Infl,,HistoricalLoad,TRUE,NAV,1,0
175,UPFG00450000,PUF Global Developed Equity,,HistoricalLoad,TRUE,NAV,1,0
115,UPFG00450000,PUF GLOBAL DEV EQUITY,,HistoricalLoad,TRUE,NAV,1,0
5925,IX1F00262588,Lehman Brothers Global Aggregate USD Hedged,,HistoricalLoad,TRUE,NAV,1,0
5865,IX1F00262588,Lehman Brothers Global Aggregate (USD Hedged) Index,,HistoricalLoad,TRUE,NAV,1,0
5805,IX1F00262588,Bloomberg Global Aggregate (USDH),,HistoricalLoad,TRUE,NAV,1,0
5745,IX1F00262588,Bloomberg Barclays Global Aggregate (USDH),,HistoricalLoad,TRUE,NAV,1,0
5685,IX1F00262588,Barclays Global Aggregate (USDH),,HistoricalLoad,TRUE,NAV,1,0
5625,IX1F00262588,Barclays Capital Global Aggregate (USDH),,HistoricalLoad,TRUE,NAV,1,0
5565,IX1F00262588,Barclays Capital Global Aggregate (USD Hedged) Index,,HistoricalLoad,TRUE,NAV,1,0
1487,IX1F00301098,NASDAQ Biotech Price Index,,HistoricalLoad,TRUE,NAV,1,0
1427,IX1F00300908,Lehman Brothers Global High Yield Index,,HistoricalLoad,TRUE,NAV,1,0
1367,IX1F00300908,Bloomberg Global High Yield Index,,HistoricalLoad,TRUE,NAV,1,0
1307,IX1F00300908,Bloomberg Barclays Global High Yield Index,,HistoricalLoad,TRUE,NAV,1,0
1247,IX1F00300908,Barclays Capital Global High Yield Index,,HistoricalLoad,TRUE,NAV,1,0
1187,IX1F00298908,Dow Jones AIG Commodity Index TR,,HistoricalLoad,TRUE,NAV,1,0
1127,IX1F00298908,Dow Jones AIG Commodity Index,,HistoricalLoad,TRUE,NAV,1,0
1067,IX1F00298908,Bloomberg Commodity Index Total Return,,HistoricalLoad,TRUE,NAV,1,0
14932,UGEG02900000,GEF Public Real Estate,,HistoricalLoad,TRUE,NAV,1,0
14872,UGEG02900000,GEF MORE CORR RL EST,,HistoricalLoad,TRUE,NAV,1,0
14452,UGEG02300000,GEF Cr Related Fixed Income,,HistoricalLoad,TRUE,NAV,1,0
14272,UGEG02010000,GEF Total Inv Gr Fixed Income,,HistoricalLoad,TRUE,NAV,1,0
14212,UGEG02010000,GEF Public Inv Grade Comp,,HistoricalLoad,TRUE,NAV,1,0
14152,UGEG02010000,GEF MCC Inv Grade Comp,,HistoricalLoad,TRUE,NAV,1,0
14092,UGEG02010000,GEF MCC Inv Gr less Liq Infl,,HistoricalLoad,TRUE,NAV,1,0
13852,UGEG00450000,GEF Global Developed Equity,,HistoricalLoad,TRUE,NAV,1,0
13792,UGEG00450000,GEF GLOBAL DEV EQUITY,,HistoricalLoad,TRUE,NAV,1,0
13672,UGEG00443000,GEF Non-US Dev Public Equity,,HistoricalLoad,TRUE,NAV,1,0
13612,UGEG00443000,GEF NON-US DEV EQUITY,,HistoricalLoad,TRUE,NAV,1,0
13312,UGEG00422000,GEF US Public Equity,,HistoricalLoad,TRUE,NAV,1,0
12652,UGEG00170000,GEF Internal Fixed Income,,HistoricalLoad,TRUE,NAV,1,0
12232,UGEG00142000,GEF Global Fixed Income,,HistoricalLoad,TRUE,NAV,1,0
10852,UGEG00015500,GEF Total Fund excl STAA,,HistoricalLoad,TRUE,NAV,1,0
10672,UGEG00012100,GEF Total Public Equity,,HistoricalLoad,TRUE,NAV,1,0
10612,UGEG00010000,Total GEF Fund,,HistoricalLoad,TRUE,NAV,1,0
10552,UGEG00010000,GEF Total Fund,,HistoricalLoad,TRUE,NAV,1,0
10252,UGEF44260002,GEF PE Real Estate,,HistoricalLoad,TRUE,NAV,1,0
10192,UGEF44250002,GEF PE Infrastructure,,HistoricalLoad,TRUE,NAV,1,0
10132,UGEF44240002,GEF PE Natural Resources,,HistoricalLoad,TRUE,NAV,1,0
10072,UGEF44210002,GEF PE Emerging Markets,,HistoricalLoad,TRUE,NAV,1,0
10012,UGEF44200002,GEF PE Private Equity,,HistoricalLoad,TRUE,NAV,1,0
9952,UGEF44200002,GEF PE PRIV EQUITY,,HistoricalLoad,TRUE,NAV,1,0
8332,UGEF30410002,GEF TERM FIX IN MGRS,,HistoricalLoad,TRUE,NAV,1,0
8152,UGEF30160002,GEF Brandywine Global,,HistoricalLoad,TRUE,NAV,1,0
8032,UGEF30101002,GEF GMO Emerging Debt,,HistoricalLoad,TRUE,NAV,1,0
7852,UGEF30020002,GEF Internal Inv Grade Credit,,HistoricalLoad,TRUE,NAV,1,0
7792,UGEF30020002,GEF Credit Related Fixed,,HistoricalLoad,TRUE,NAV,1,0
7732,UGEF30010002,GEF Internal U.S. Nominal,,HistoricalLoad,TRUE,NAV,1,0
7672,UGEF30010002,GEF Dom Fixed Income,,HistoricalLoad,TRUE,NAV,1,0
7552,UGEF29620002,GEF SPX PUT SPREAD,,HistoricalLoad,TRUE,NAV,1,0
7372,UGEF29490002,GEF CARBON CRED FUT,,HistoricalLoad,TRUE,NAV,1,0
7312,UGEF29390002,GEF TAA EXP MGMT TRS,,HistoricalLoad,TRUE,NAV,1,0
7192,UGEF29370002,GEF MSCI EM EX CN SP,,HistoricalLoad,TRUE,NAV,1,0
7072,UGEF29350002,HTAA US TREASURIES,,HistoricalLoad,TRUE,NAV,1,0
7012,UGEF29340002,GEF TAA CMDTY SWAP,,HistoricalLoad,TRUE,NAV,1,0
6952,UGEF29330002,GEF TAA EM LONG FUT,,HistoricalLoad,TRUE,NAV,1,0
6892,UGEF29320002,GEF EM SHORT FUTURES,,HistoricalLoad,TRUE,NAV,1,0
6832,UGEF29320002,GEF EM FUTURES,,HistoricalLoad,TRUE,NAV,1,0
6772,UGEF29310002,GEF EM SHORT BETA,,HistoricalLoad,TRUE,NAV,1,0
6652,UGEF29290002,GEF TAA FX FUTURES,,HistoricalLoad,TRUE,NAV,1,0
6592,UGEF29280002,GEF TAA HIGH YLD SWP,,HistoricalLoad,TRUE,NAV,1,0
6532,UGEF29270002,GEF TAA INV GR SWP,,HistoricalLoad,TRUE,NAV,1,0
6352,UGEF29250002,GEF PUBLIC EM PASSIVE,,HistoricalLoad,TRUE,NAV,1,0
6292,UGEF29240002,GEF TAA CMDTY OPTION,,HistoricalLoad,TRUE,NAV,1,0
6232,UGEF29210002,GEF TAA GOLD FORWARD,,HistoricalLoad,TRUE,NAV,1,0
6112,UGEF29180002,GEF TAA DEV FUTURES,,HistoricalLoad,TRUE,NAV,1,0
6052,UGEF29170002,GEF TIPS SWAPS,,HistoricalLoad,TRUE,NAV,1,0
5992,UGEF29150002,GEF TAA Dev Options,,HistoricalLoad,TRUE,NAV,1,0
5932,UGEF29140002,GEF TAA DEV CNTRY,,HistoricalLoad,TRUE,NAV,1,0
5872,UGEF29140002,GEF DTAA DM EQ PASS,,HistoricalLoad,TRUE,NAV,1,0
5812,UGEF29130002,GEF TAA US SWAPS,,HistoricalLoad,TRUE,NAV,1,0
5752,UGEF29120002,GEF TAA NONUS DEV FX,,HistoricalLoad,TRUE,NAV,1,0
5692,UGEF29110002,GEF US VALUE PASSIVE,,HistoricalLoad,TRUE,NAV,1,0
5632,UGEF29100002,GEF MSCI US SWAPS,,HistoricalLoad,TRUE,NAV,1,0
5572,UGEF29090002,GEF TAA MLP Equity,,HistoricalLoad,TRUE,NAV,1,0
5512,UGEF29080002,GEF TAA EQUITY POS,,HistoricalLoad,TRUE,NAV,1,0
5392,UGEF29060002,GEF US Swaps,,HistoricalLoad,TRUE,NAV,1,0
5332,UGEF29050002,GEF US Levered EXP,,HistoricalLoad,TRUE,NAV,1,0
5272,UGEF29050002,GEF US Exposure Swaps,,HistoricalLoad,TRUE,NAV,1,0
5152,UGEF29030002,GEF TAA IG FI,,HistoricalLoad,TRUE,NAV,1,0
5092,UGEF29020002,GEF TAA Commodity Futures,,HistoricalLoad,TRUE,NAV,1,0
5032,UGEF29010002,GEF S&P 500 ETFS,,HistoricalLoad,TRUE,NAV,1,0
4972,UGEF29000002,GEF EAFE Swaps,,HistoricalLoad,TRUE,NAV,1,0
4912,UGEF29000002,GEF EAFE Exposure Swaps,,HistoricalLoad,TRUE,NAV,1,0
4372,UGEF27070002,GEF JANCHOR OPP I,,HistoricalLoad,TRUE,NAV,1,0
4312,UGEF27030002,GEF ACADIAN EM SL CP,,HistoricalLoad,TRUE,NAV,1,0
3532,UGEF26620002,Factor Basket DirHF Universe,,HistoricalLoad,TRUE,NAV,1,0
3472,UGEF26590002,GEF Arrowstreet World,,HistoricalLoad,TRUE,NAV,1,0
3412,UGEF26580002,GEF North of South EM,,HistoricalLoad,TRUE,NAV,1,0
3352,UGEF26570002,GEF WHITEOAK EM EXCH,,HistoricalLoad,TRUE,NAV,1,0
3292,UGEF26540002,GEF DM-EM HG NDEUCHF,,HistoricalLoad,TRUE,NAV,1,0
3232,UGEF26530002,GEF DM EM HG NDEUSKO,,HistoricalLoad,TRUE,NAV,1,0
3172,UGEF26520002,GEF DM EM HG NDUEEGF,,HistoricalLoad,TRUE,NAV,1,0
3112,UGEF26510002,GEF DM EM H NDDUWXUS,,HistoricalLoad,TRUE,NAV,1,0
3052,UGEF26500002,GEF DM EM HG GDDUUS,,HistoricalLoad,TRUE,NAV,1,0
2992,UGEF26490002,GEF Acadian Intl,,HistoricalLoad,TRUE,NAV,1,0
2932,UGEF26480002,GEF Acadian Global,,HistoricalLoad,TRUE,NAV,1,0
2812,UGEF26460002,GEF Voleon 150 50,,HistoricalLoad,TRUE,NAV,1,0
2752,UGEF26450002,GEF Dockside III,,HistoricalLoad,TRUE,NAV,1,0
2632,UGEF26420002,GEF Thrive Hldgs FLB,,HistoricalLoad,TRUE,NAV,1,0
2572,UGEF26410002,GEF Paradigm Fund,,HistoricalLoad,TRUE,NAV,1,0
2512,UGEF26400002,GEF Freestone Grove,,HistoricalLoad,TRUE,NAV,1,0
2452,UGEF26360002,GEF UTSA STUDENT,,HistoricalLoad,TRUE,NAV,1,0
2392,UGEF26350002,GEF UT DALLAS STDNT,,HistoricalLoad,TRUE,NAV,1,0
2332,UGEF26340002,GEF Dockside EQ,,HistoricalLoad,TRUE,NAV,1,0
2212,UGEF26290002,GEF TAA BASIS TRADES,,HistoricalLoad,TRUE,NAV,1,0
1972,UGEF26230002,GEF Carrhae Long,,HistoricalLoad,TRUE,NAV,1,0
1912,UGEF26220002,GEF INDUS JAP 120 20,,HistoricalLoad,TRUE,NAV,1,0
1852,UGEF26210002,GEF PERSEVERANCE CT,,HistoricalLoad,TRUE,NAV,1,0
1792,UGEF26200002,GEF Perseverance CALO,,HistoricalLoad,TRUE,NAV,1,0
13731,UGEF23920002,GEF WRITTEN OFF,,HistoricalLoad,TRUE,NAV,1,0
13611,UGEF23870002,GEF HILLHOUSE GAOLIN,,HistoricalLoad,TRUE,NAV,1,0
13131,UGEF23780002,GEF HDFC,,HistoricalLoad,TRUE,NAV,1,0
10491,UGEF22810002,GEF Cantillon,,HistoricalLoad,TRUE,NAV,1,0
9951,UGEF22590002,GEF Russian Prosperity Fund,,HistoricalLoad,TRUE,NAV,1,0
12414,UPFF44260002,PUF PE Real Estate,,HistoricalLoad,TRUE,NAV,1,0
12354,UPFF44250002,PUF PE Infrastructure,,HistoricalLoad,TRUE,NAV,1,0
12294,UPFF44240002,PUF PE Natural Resources,,HistoricalLoad,TRUE,NAV,1,0
12234,UPFF44210002,PUF PE Emerging Markets,,HistoricalLoad,TRUE,NAV,1,0
12174,UPFF44200002,PUF PE Private Equity,,HistoricalLoad,TRUE,NAV,1,0
7731,UGEF20580002,GEF PIMCO Fixed Income,,HistoricalLoad,TRUE,NAV,1,0
12114,UPFF44200002,PUF PE PRIV EQUITY,,HistoricalLoad,TRUE,NAV,1,0
10434,UPFF30410002,PUF TERM FIX IN MGRS,,HistoricalLoad,TRUE,NAV,1,0
10254,UPFF30160002,PUF Brandywine Global,,HistoricalLoad,TRUE,NAV,1,0
10134,UPFF30101002,PUF GMO Emerging Debt,,HistoricalLoad,TRUE,NAV,1,0
9954,UPFF30020002,PUF Internal Inv Grade Credit,,HistoricalLoad,TRUE,NAV,1,0
9894,UPFF30020002,PUF Credit Related Fixed,,HistoricalLoad,TRUE,NAV,1,0
9834,UPFF30010002,PUF Internal U.S. Nominal,,HistoricalLoad,TRUE,NAV,1,0
9774,UPFF30010002,PUF DOM FIXED INCOME,,HistoricalLoad,TRUE,NAV,1,0
9654,UPFF29620002,PUF SPX PUT SPREAD,,HistoricalLoad,TRUE,NAV,1,0
9474,UPFF29490002,PUF CARBON CRED FUT,,HistoricalLoad,TRUE,NAV,1,0
9414,UPFF29390002,PUF TAA EXP MGMT TRS,,HistoricalLoad,TRUE,NAV,1,0
9294,UPFF29370002,PUF MSCI EM EX CN SP,,HistoricalLoad,TRUE,NAV,1,0
9174,UPFF29350002,HTAA US TREASURIES,,HistoricalLoad,TRUE,NAV,1,0
9114,UPFF29340002,PUF TAA CMDTY SWAP,,HistoricalLoad,TRUE,NAV,1,0
9054,UPFF29330002,PUF TAA EM LONG FUT,,HistoricalLoad,TRUE,NAV,1,0
8994,UPFF29320002,PUF EM SHORT FUTURES,,HistoricalLoad,TRUE,NAV,1,0
8934,UPFF29320002,PUF EM FUTURES,,HistoricalLoad,TRUE,NAV,1,0
8874,UPFF29310002,PUF EM SHORT BETA,,HistoricalLoad,TRUE,NAV,1,0
8754,UPFF29290002,PUF TAA FX FUTURES,,HistoricalLoad,TRUE,NAV,1,0
8694,UPFF29280002,PUF TAA HIGH YLD SWP,,HistoricalLoad,TRUE,NAV,1,0
8634,UPFF29270002,PUF TAA INV GR SWP,,HistoricalLoad,TRUE,NAV,1,0
8454,UPFF29250002,PUF PUBLIC EM PASSIVE,,HistoricalLoad,TRUE,NAV,1,0
8394,UPFF29240002,PUF TAA CMDTY OPTION,,HistoricalLoad,TRUE,NAV,1,0
8334,UPFF29210002,PUF TAA GOLD FORWARD,,HistoricalLoad,TRUE,NAV,1,0
8214,UPFF29180002,PUF TAA DEV FUTURES,,HistoricalLoad,TRUE,NAV,1,0
8154,UPFF29170002,PUF TIPS SWAPS,,HistoricalLoad,TRUE,NAV,1,0
8094,UPFF29150002,PUF TAA Dev Options,,HistoricalLoad,TRUE,NAV,1,0
8034,UPFF29140002,PUF TAA DEV CNTRY,,HistoricalLoad,TRUE,NAV,1,0
7974,UPFF29140002,PUF DTAA DM EQ PASS,,HistoricalLoad,TRUE,NAV,1,0
7914,UPFF29130002,PUF TAA US SWAPS,,HistoricalLoad,TRUE,NAV,1,0
7854,UPFF29120002,PUF TAA NONUS DEV FX,,HistoricalLoad,TRUE,NAV,1,0
7794,UPFF29110002,PUF US VALUE PASSIVE,,HistoricalLoad,TRUE,NAV,1,0
7734,UPFF29100002,PUF MSCI US SWAPS,,HistoricalLoad,TRUE,NAV,1,0
7614,UPFF29080002,PUF TAA EQUITY POS,,HistoricalLoad,TRUE,NAV,1,0
7554,UPFF29070002,PUF TAA US Equity,,HistoricalLoad,TRUE,NAV,1,0
7494,UPFF29060002,PUF US Swaps,,HistoricalLoad,TRUE,NAV,1,0
7434,UPFF29050002,PUF US Levered EXP,,HistoricalLoad,TRUE,NAV,1,0
7374,UPFF29050002,PUF US Exposure Swaps,,HistoricalLoad,TRUE,NAV,1,0
7254,UPFF29030002,PUF TAA IG FI,,HistoricalLoad,TRUE,NAV,1,0
7194,UPFF29020002,PUF TAA Commodity Futures,,HistoricalLoad,TRUE,NAV,1,0
7134,UPFF29010002,PUF S&P 500 ETFS,,HistoricalLoad,TRUE,NAV,1,0
7074,UPFF29000002,PUF EAFE Swaps,,HistoricalLoad,TRUE,NAV,1,0
7014,UPFF29000002,PUF EAFE Exposure Swaps,,HistoricalLoad,TRUE,NAV,1,0
6474,UPFF27070002,PUF JANCHOR OPP I,,HistoricalLoad,TRUE,NAV,1,0
6414,UPFF27030002,PUF ACADIAN EM SL CP,,HistoricalLoad,TRUE,NAV,1,0
5694,UPFF26620002,Factor Basket DirHF Universe,,HistoricalLoad,TRUE,NAV,1,0
5634,UPFF26590002,PUF Arrowstreet World,,HistoricalLoad,TRUE,NAV,1,0
5574,UPFF26580002,PUF North of South EM,,HistoricalLoad,TRUE,NAV,1,0
5514,UPFF26570002,PUF WHITEOAK EM EXCH,,HistoricalLoad,TRUE,NAV,1,0
5454,UPFF26540002,PUF DM EM HG NDEUCHF,,HistoricalLoad,TRUE,NAV,1,0
5394,UPFF26530002,PUF DM EM HG NDEUSKO,,HistoricalLoad,TRUE,NAV,1,0
5334,UPFF26520002,PUF DM EM HG NDUEEGF,,HistoricalLoad,TRUE,NAV,1,0
5274,UPFF26510002,PUF DM EM H NDDUWXUS,,HistoricalLoad,TRUE,NAV,1,0
5214,UPFF26500002,PUF DM EM HG GDDUUS,,HistoricalLoad,TRUE,NAV,1,0
5154,UPFF26490002,PUF ACADIAN INTL,,HistoricalLoad,TRUE,NAV,1,0
5094,UPFF26480002,PUF ACADIAN GLOBAL,,HistoricalLoad,TRUE,NAV,1,0
4974,UPFF26460002,PUF Voleon 150 50,,HistoricalLoad,TRUE,NAV,1,0
4914,UPFF26450002,PUF Dockside III,,HistoricalLoad,TRUE,NAV,1,0
4794,UPFF26420002,PUF Thrive Hldgs FLB,,HistoricalLoad,TRUE,NAV,1,0
4734,UPFF26410002,PUF Paradigm Fund,,HistoricalLoad,TRUE,NAV,1,0
4674,UPFF26400002,PUF Freestone Grove,,HistoricalLoad,TRUE,NAV,1,0
4614,UPFF26360002,PUF UTSA STUDENT,,HistoricalLoad,TRUE,NAV,1,0
4554,UPFF26350002,PUF UT DALLAS STDNT,,HistoricalLoad,TRUE,NAV,1,0
4494,UPFF26340002,PUF Dockside EQ,,HistoricalLoad,TRUE,NAV,1,0
4374,UPFF26290002,PUF TAA BASIS TRADES,,HistoricalLoad,TRUE,NAV,1,0
4134,UPFF26230002,PUF Carrhae Long,,HistoricalLoad,TRUE,NAV,1,0
4074,UPFF26220002,PUF INDUS JAP 120 20,,HistoricalLoad,TRUE,NAV,1,0
4014,UPFF26210002,PUF PERSEVERANCE CT,,HistoricalLoad,TRUE,NAV,1,0
3954,UPFF26200002,PUF Perseverance CALO,,HistoricalLoad,TRUE,NAV,1,0
3654,UPFF26090002,PUF JL 150 50 CORE,,HistoricalLoad,TRUE,NAV,1,0
3594,UPFF26050002,PUF APERIO WORLD,,HistoricalLoad,TRUE,NAV,1,0
3534,UPFF26020002,PUF VITURA REIT,,HistoricalLoad,TRUE,NAV,1,0
3474,UPFF25780002,PUF Internal Factor Basket,,HistoricalLoad,TRUE,NAV,1,0
3414,UPFF25730002,PUF PIMCO GL BND,,HistoricalLoad,TRUE,NAV,1,0
3354,UPFF25700002,NULL,,HistoricalLoad,TRUE,NAV,1,0
3294,UPFF25550002,PUF TWO SIGMA CHINA,,HistoricalLoad,TRUE,NAV,1,0
3234,UPFF25460002,PUF De Shaw World 130 30,,HistoricalLoad,TRUE,NAV,1,0
3174,UPFF25460002,PUF DE Shaw US 130 30,,HistoricalLoad,TRUE,NAV,1,0
3114,UPFF25430002,PUF AKO Global LO,,HistoricalLoad,TRUE,NAV,1,0
956,UTBF22810002,ITF Cantillon,,HistoricalLoad,TRUE,NAV,1,0
1254,UPFF23970002,PUF Hillhouse QF II,,HistoricalLoad,TRUE,NAV,1,0
656,UTBF22590002,ITF Russian Prosperity Fund,,HistoricalLoad,TRUE,NAV,1,0
1074,UPFF23920002,PUF WRITTEN OFF,,HistoricalLoad,TRUE,NAV,1,0
954,UPFF23870002,PUF HILLHOUSE GAOLIN,,HistoricalLoad,TRUE,NAV,1,0
13726,IX1F00285998,MSCI AC World Free Net Index,,HistoricalLoad,TRUE,NAV,1,0
8436,IX1F0000194C,JP Morgan Emerging Markets Bond Index Global,,HistoricalLoad,TRUE,NAV,1,0
8376,IX1F0000194C,JP Morgan Emerging Market Bond Index Global,,HistoricalLoad,TRUE,NAV,1,0
13006,IX1F00285408,MSCI AC Asia Pacific Free Net Index,,HistoricalLoad,TRUE,NAV,1,0
6826,IX1F00274888,MSCI EMF Net Dividend Index,,HistoricalLoad,TRUE,NAV,1,0
6766,IX1F00274888,MSCI Emerging Markets Free Net Dividend Index,,HistoricalLoad,TRUE,NAV,1,0
6399,IX1F00052708,MSCI EAFE Net Dividend,,HistoricalLoad,TRUE,NAV,1,0
12457,IX1F0000572C,ICE BofAML US 3 Month Treasury Bill Index G0O1,,HistoricalLoad,TRUE,NAV,1,0
12397,IX1F0000572C,ICE BofAML 3 Month US Treasury Bill G0O1,,HistoricalLoad,TRUE,NAV,1,0
12337,IX1F0000572C,ICE BofA US 3 Month Treasury Bill Index G0O1 Non-TC,,HistoricalLoad,TRUE,NAV,1,0
12277,IX1F0000572C,ICE BofA US 3 Month Treasury Bill Index G0O1,,HistoricalLoad,TRUE,NAV,1,0
11077,IX1F0000462C,MSCI China - A Onshore Index USD,,HistoricalLoad,TRUE,NAV,1,0
9277,IX1F00003858,Russell 3000,,HistoricalLoad,TRUE,NAV,1,0
9217,IX1F00003848,Lehman Brothers Aggregate Bond,,HistoricalLoad,TRUE,NAV,1,0
9157,IX1F00003848,LB Aggregate,,HistoricalLoad,TRUE,NAV,1,0
9097,IX1F00003848,Bloomberg US Aggregate Bond Index,,HistoricalLoad,TRUE,NAV,1,0
9037,IX1F00003848,Bloomberg U.S. Aggregate Bond Index,,HistoricalLoad,TRUE,NAV,1,0
8977,IX1F00003848,Bloomberg Barclays U.S. Aggregate Bond Index,,HistoricalLoad,TRUE,NAV,1,0
8917,IX1F00003848,Barclays U.S. Aggregate Bond Index,,HistoricalLoad,TRUE,NAV,1,0
8857,IX1F00003848,Barclays Capital U.S. Aggregate Bond Index,,HistoricalLoad,TRUE,NAV,1,0
14934,UPFG00443000,PUF Non-US Dev Public Equity,,HistoricalLoad,TRUE,NAV,1,0
14874,UPFG00443000,PUF NON-US DEV EQUITY,,HistoricalLoad,TRUE,NAV,1,0
14574,UPFG00422000,PUF US Public Equity,,HistoricalLoad,TRUE,NAV,1,0
14154,UPFG00142000,PUFF GLOBAL FIXED INCOME,,HistoricalLoad,TRUE,NAV,1,0
14094,UPFG00142000,PUF Global Fixed Income,,HistoricalLoad,TRUE,NAV,1,0
14034,UPFG00140000,PUF Total IGFI CR Fixed Income,,HistoricalLoad,TRUE,NAV,1,0
13074,UPFG00015500,PUF Total Fund excl STAA,,HistoricalLoad,TRUE,NAV,1,0
5437,IX1F00003268,Bloomberg US Treasury Long Term Index,,HistoricalLoad,TRUE,NAV,1,0
5377,IX1F00003268,Bloomberg Barclays US Treasury Long Term Index,,HistoricalLoad,TRUE,NAV,1,0
12834,UPFG00012100,PUF Total Public Equity,,HistoricalLoad,TRUE,NAV,1,0
5317,IX1F00003268,Bloomberg Barclays U.S. Treasury Long Term Index,,HistoricalLoad,TRUE,NAV,1,0
12774,UPFG00010000,Total PUF Fund,,HistoricalLoad,TRUE,NAV,1,0
5257,IX1F00003268,Bloomberg Barclays Treasury Long Term Index,,HistoricalLoad,TRUE,NAV,1,0
5197,IX1F00003268,Barclays Treasury Long Term Index,,HistoricalLoad,TRUE,NAV,1,0
5137,IX1F00003268,Barclays Capital Treasury Long Term Index,,HistoricalLoad,TRUE,NAV,1,0
14876,UTBG03500000,ITF MORE CORR EM MKT EQ,,HistoricalLoad,TRUE,NAV,1,0
14816,UTBG03500000,ITF EM Public Equity,,HistoricalLoad,TRUE,NAV,1,0
14576,UTBG03200000,ITF Total Dev Public Equity,,HistoricalLoad,TRUE,NAV,1,0
14516,UTBG03200000,ITF TOTAL DEV PUB EQ,,HistoricalLoad,TRUE,NAV,1,0
14456,UTBG03200000,ITF MORE CORR DEV CTRY,,HistoricalLoad,TRUE,NAV,1,0
14156,UTBG02900000,ITF Public Real Estate,,HistoricalLoad,TRUE,NAV,1,0
14096,UTBG02900000,ITF PUBLIC REAL ESTA,,HistoricalLoad,TRUE,NAV,1,0
14036,UTBG02900000,ITF MORE CORR RL EST,,HistoricalLoad,TRUE,NAV,1,0
13436,UTBG02010000,ITF Total Inv Gr Fixed Income,,HistoricalLoad,TRUE,NAV,1,0
13376,UTBG02010000,ITF MCC Inv Grade Comp,,HistoricalLoad,TRUE,NAV,1,0
13316,UTBG02010000,ITF MCC Inv Gr less Liq Infl,,HistoricalLoad,TRUE,NAV,1,0
13196,UTBG00450000,ITF Global Developed Equity,,HistoricalLoad,TRUE,NAV,1,0
13136,UTBG00450000,ITF GLOBAL DEV EQUITY,,HistoricalLoad,TRUE,NAV,1,0
13076,UTBG00443000,ITF Non-US Dev Public Equity,,HistoricalLoad,TRUE,NAV,1,0
13016,UTBG00443000,ITF NON-US DEV EQUITY,,HistoricalLoad,TRUE,NAV,1,0
12836,UTBG00422000,ITF US Public Equity,,HistoricalLoad,TRUE,NAV,1,0
12716,UTBG00170000,ITF Internal Fixed Income,,HistoricalLoad,TRUE,NAV,1,0
12656,UTBG00170000,ITF INTERNAL FIXED,,HistoricalLoad,TRUE,NAV,1,0
12536,UTBG00142000,ITF Global Fixed Income,,HistoricalLoad,TRUE,NAV,1,0
12236,UTBG00015500,ITF Total Fund excl STAA,,HistoricalLoad,TRUE,NAV,1,0
12116,UTBG00012100,ITF Total Public Equity,,HistoricalLoad,TRUE,NAV,1,0
12056,UTBG00010000,Total ITF Fund,,HistoricalLoad,TRUE,NAV,1,0
11996,UTBG00010000,ITF Total Fund,,HistoricalLoad,TRUE,NAV,1,0
11096,UTBF30410002,ITF TERM FIX IN MGRS,,HistoricalLoad,TRUE,NAV,1,0
10916,UTBF30160002,ITF Brandywine Global,,HistoricalLoad,TRUE,NAV,1,0
10736,UTBF30020002,ITF Internal Inv Grade Credit,,HistoricalLoad,TRUE,NAV,1,0
10676,UTBF30020002,ITF Credit Related,,HistoricalLoad,TRUE,NAV,1,0
10616,UTBF30010002,ITF Internal U.S. Nominal,,HistoricalLoad,TRUE,NAV,1,0
10556,UTBF30010002,ITF Dom Fixed Income,,HistoricalLoad,TRUE,NAV,1,0
10436,UTBF29620002,ITF SPX PUT SPREAD,,HistoricalLoad,TRUE,NAV,1,0
10256,UTBF29580002,ITF TEMP OTC 1,,HistoricalLoad,TRUE,NAV,1,0
10196,UTBF29390002,ITF TAA EXP MGMT TRS,,HistoricalLoad,TRUE,NAV,1,0
10076,UTBF29370002,ITF MSCI EM EX CN SP,,HistoricalLoad,TRUE,NAV,1,0
10016,UTBF29360002,ITF TAIWAN SEMI SWAP,,HistoricalLoad,TRUE,NAV,1,0
9956,UTBF29330002,ITF TAA EM LONG FUT,,HistoricalLoad,TRUE,NAV,1,0
9896,UTBF29320002,ITF EM SHORT FUTURES,,HistoricalLoad,TRUE,NAV,1,0
9836,UTBF29320002,ITF EM FUTURES,,HistoricalLoad,TRUE,NAV,1,0
9776,UTBF29310002,ITF EM SHORT BETA,,HistoricalLoad,TRUE,NAV,1,0
9716,UTBF29290002,ITF TAA FX FUTURES,,HistoricalLoad,TRUE,NAV,1,0
9656,UTBF29280002,ITF TAA HIGH YLD SWP,,HistoricalLoad,TRUE,NAV,1,0
9476,UTBF29250002,ITF PUBLIC EM PASSIVE,,HistoricalLoad,TRUE,NAV,1,0
9416,UTBF29240002,ITF TAA CMDTY OPTION,,HistoricalLoad,TRUE,NAV,1,0
9356,UTBF29230002,ITF Commodities,,HistoricalLoad,TRUE,NAV,1,0
9296,UTBF29230002,ITF COMMOD PASSIVE,,HistoricalLoad,TRUE,NAV,1,0
9236,UTBF29220002,ITF RE PASSIVE,,HistoricalLoad,TRUE,NAV,1,0
9176,UTBF29210002,ITF TAA GOLD FORWARD,,HistoricalLoad,TRUE,NAV,1,0
9116,UTBF29190002,ITF TAIWAN PASSIVE,,HistoricalLoad,TRUE,NAV,1,0
9056,UTBF29180002,ITF TAA DEV FUTURES,,HistoricalLoad,TRUE,NAV,1,0
8996,UTBF29150002,ITF TAA Dev Options,,HistoricalLoad,TRUE,NAV,1,0
8936,UTBF29140002,ITF TAA DEV CNTRY,,HistoricalLoad,TRUE,NAV,1,0