DimInvestmentID,DimAccountID,InvestmentManagerID,Name,AssetClass,SubAssetClass,InvestmentRegime,Original_AssetClass,Original_SubAssetClass,IsPrimaryAccount,AsOfDate,NAV,Twr1Month,Twr3Month,Twr1Year,Twr3Year,Twr5Year,Twr10Year,TwrFytd,TwrYtd,TwrInceptionInvested,TwrSince98,TwrCompYtd,SINCE_INCEPTION,INCEPTION_DATE,AdjustedBegMV,TOT_MARKET_VALUE,SortOrder_Regime,SortOrder_AssetClass,SortOrder_SubAssetClass,SortOrder,IsRegimeTotal,IsAssetClassTotal,IsConsolidationAccount,IsSubassetClass_Total,TargetAllocation,DimPortfolioID,CustodianMarketValue
8174,83847,UTIMCO,Total Directional Hedge Multi,Directional Hedge Funds,Directional Multi-Strat,Global Equity,Directional Hedge Funds,Directional Multi-Strat,TRUE,30-09-2022 00:00:00,,0,0,0,0,0.054202,0.055387,0,0,0.076114,,0,7.6114,,1096202823,1099283022,1,4,9,25907,0,0,1,0,,12,
4217,83967,UTIMCO,Total Directional Hedge Credit,Directional Hedge Funds,Directional Credit,Global Equity,Directional Hedge Funds,Directional Credit,TRUE,30-09-2022 00:00:00,,0,0,0,0,0.045399,0.060655,0,0,0.068387,,0,6.8387,,967075367,958209986.3,1,4,11,29923,0,0,1,0,,12,
3779,84387,UTIMCO,Total Directional HF Pool,Directional Hedge Funds,Directional Hedge Funds,Global Equity,Directional Hedge Funds,,TRUE,30-09-2022 00:00:00,,0,0,0,0,0.055962,0.062238,0,0,0.079437,,0,7.9437,,6517675179,6444873848,1,4,,21730,0,0,1,0,,12,
3624,83727,UTIMCO,Total Directional Hedge Long/Short Equity,Directional Hedge Funds,Long/Short Equity,Global Equity,Directional Hedge Funds,Long/Short Equity,TRUE,30-09-2022 00:00:00,,0,0,0,0,0.063715,0.067343,0,0,0.080169,,0,8.0169,,4454323169,4387307020,1,4,7,25223,0,0,1,0,,12,
964,85826,Deerfield,Deerfield PDII,Directional Hedge Funds,Directional Credit,Global Equity,Directional Hedge Funds,Directional Credit,TRUE,30-09-2022 00:00:00,1904713,0,0.020965,0.371774,0.256105,0.118845,0.171361,0,0.367737,0.140995,,1,14.0995,,9570066,9570066,1,4,11,29154,0,0,0,0,,12,
8709,8700,UTIMCO,Total Private Equity,Private Equity,Private Equity,Global Equity,Private Equity,,TRUE,30-09-2022 00:00:00,,0.002246,-0.027897,0.033217,0.239248,0.202105,0.162281,0.002246,-0.025851,0.204272,,1,12.7225,,14531745087,14544660100,1,5,,30012,0,1,1,0,,12,
468,7435,Baupost,Baupost,Directional Hedge Funds,Directional Multi-Strat,Global Equity,Directional Hedge Funds,Directional Multi-Strat,TRUE,30-09-2022 00:00:00,26056815,-0.0178,0.009019,0.0544,0.088129,0.065037,0.067967,-0.0178,0.024671,0.07938,,1,7.9854,,133292798.5,130920184.9,1,4,9,25721,0,0,0,0,,12,
5957,86726,Farallon,FASS II,Directional Hedge Funds,Directional Credit,Global Equity,Directional Hedge Funds,Directional Credit,TRUE,30-09-2022 00:00:00,471403,-0.1431,-0.19959,-0.485829,-0.233554,-0.1643,-0.022443,-0.1431,-0.350756,-0.018675,,1,-1.8536,,2764060.34,2368523.3,1,4,11,29613,0,0,0,0,,12,
5684,86006,Farallon,FASS,Directional Hedge Funds,Directional Credit,Global Equity,Directional Hedge Funds,Directional Credit,TRUE,30-09-2022 00:00:00,813679,0.0134,-0.019341,0.05057,-0.140162,-0.102702,-0.033691,0.0134,-0.007641,0.010503,,1,1.0053,,4034201.27,4088259.57,1,4,11,29426,0,0,0,0,,12,
643,7315,Centerbridge,Centerbridge,Directional Hedge Funds,Directional Credit,Global Equity,Directional Hedge Funds,Directional Credit,TRUE,30-09-2022 00:00:00,2513641,-0.013343,-0.020415,0.001288,-0.120632,-0.054897,-0.010135,-0.013343,0.018943,0.026448,,1,2.6448,,12800363.43,12629566.7,1,4,11,29011,0,0,0,0,,12,
11486,86606,Sculptor,Sculptor Credit Opp,Directional Hedge Funds,Directional Credit,Global Equity,Directional Hedge Funds,Directional Credit,TRUE,30-09-2022 00:00:00,124911,0.072297,-0.494012,0.12561,-0.223542,-0.159459,-0.034427,0.072297,0.046159,-0.013384,,1,-1.3384,,585290.68,627605.18,1,4,11,29849,0,0,0,0,,12,
3396,83846,Silver Point,Silver Point HF,Directional Hedge Funds,Directional Credit,Global Equity,Directional Hedge Funds,Directional Credit,TRUE,30-09-2022 00:00:00,7189426,-0.004883,0.023827,0.032164,0.136272,0.0863,0.082175,-0.004883,0.025965,0.078387,,1,7.8387,,36299884.14,36122642.5,1,4,11,28336,0,0,0,0,,12,
3576,85167,Steadfast,Steadfast,Directional Hedge Funds,Long/Short Equity,Global Equity,Directional Hedge Funds,Long/Short Equity,TRUE,30-09-2022 00:00:00,72188210,-2.50E-05,0.023958,-0.160274,-0.02267,0.027166,0.05015,-2.50E-05,-0.08391,0.078026,,1,7.8029,,362712586.9,362703343,1,4,7,23801,0,0,0,0,,12,
3052,10735,Maverick,Maverick HF - Hedged,Directional Hedge Funds,Long/Short Equity,Global Equity,Directional Hedge Funds,Long/Short Equity,TRUE,30-09-2022 00:00:00,25927063,-0.004391,0.168039,0.036466,0.850715,0.486077,0.245427,-0.004391,0.041315,0.165777,,1,,,23640031.66,24496402.5,1,4,7,24536,0,0,0,0,,12,
12163,87026,Slate Path,Slate Path HF,Directional Hedge Funds,Long/Short Equity,Global Equity,Directional Hedge Funds,Long/Short Equity,TRUE,30-09-2022 00:00:00,46266632,-0.013413,-0.038573,0.022018,0.301926,0.144677,0.12701,-0.013413,0.021125,0.12701,,1,12.701,,235623165.6,232462645.1,1,4,7,24253,0,0,0,0,,12,
4128,7795,Valiant,Valiant,Directional Hedge Funds,Long/Short Equity,Global Equity,Directional Hedge Funds,Long/Short Equity,TRUE,30-09-2022 00:00:00,42878567,0.012025,-0.06484,-0.241337,0.004926,0.010987,0.015529,0.012025,-0.145625,0.061877,,1,6.1877,,212879629.3,215439607.9,1,4,7,24295,0,0,0,0,,12,
1963,86426,Janchor,Janchor HF,Directional Hedge Funds,Long/Short Equity,Global Equity,Directional Hedge Funds,Long/Short Equity,TRUE,30-09-2022 00:00:00,61458677,0.005008,0.038901,-0.099194,0.030088,0.03159,0.084811,0.005008,-0.104908,0.079549,,1,8.0166,,307254985.7,308793745.7,1,4,7,23981,0,0,0,0,,12,
590,82766,Axon,Axon,Directional Hedge Funds,Long/Short Equity,Global Equity,Directional Hedge Funds,Long/Short Equity,TRUE,30-09-2022 00:00:00,731829,-0.003782,-0.037585,-0.029019,-0.050828,-0.059035,-0.029766,-0.003782,-0.004479,0.007002,,1,0.7004,,3690968.49,3677010.72,1,4,7,25189,0,0,0,0,,12,
23917,89660,UTIMCO,Total Global Equity,Global Equity,Global Equity,Global Equity,Total Regime,,TRUE,30-09-2022 00:00:00,,-0.04234,-0.04384,-0.12914,0.112772,0.098998,0.098089,-0.04234,-0.158355,0.065984,,,6.5984,,13212640386,12686334897,1,,,126,1,0,1,0,,12,
4445,10672,UTIMCO,Total Public Equity,Public Equity,Public Equity,Global Equity,Total Regime,,TRUE,30-09-2022 00:00:00,5411221443,-0.093989,-0.071307,-0.274648,0.026339,0.035971,0.074552,-0.093989,-0.289218,0.027666,,1,5.6598,,5928257513,5411221443,1,3,,21393,0,1,0,1,,12,
6060,413,UTIMCO,Total Developed Public Equity,Developed Markets Public Equity,Developed Markets Public Equity,Global Equity,Developed Markets Public Equity,,TRUE,30-09-2022 00:00:00,,-0.090804,-0.061057,-0.257182,0.036156,0.046175,0.089423,-0.090804,-0.281988,0.058461,,,5.8461,,4360423771,3983114287,1,1,,251,0,1,1,0,20.1,12,
18658,13852,UTIMCO,Total Global Developed Equity,Developed Markets Public Equity,Global Developed Public Equity,Global Equity,Developed Markets Public Equity,Global Developed Public Equity,TRUE,30-09-2022 00:00:00,1667475274,-0.092766,-0.062508,-0.307443,0.025071,0.049179,0.090812,-0.092766,-0.316311,0.083106,,0,8.3106,,1659972433,1497620786,1,1,3,8898,0,0,1,1,20.1,12,
4124,13672,UTIMCO,Total Non-U.S. Developed Public Equity,Developed Markets Public Equity,Non-U.S. Developed Public Equity,Global Equity,Developed Markets Public Equity,Non-U.S. Developed Public Equity,TRUE,30-09-2022 00:00:00,537197587,-0.086909,-0.087778,-0.250387,-0.012787,-0.002353,0.069,-0.086909,-0.264632,0.046088,,0,4.6088,,588235970.6,537197587.1,1,1,2,7288,0,0,1,1,20.1,12,
3384,713,UTIMCO,Total Emerging Markets Public Equity,Emerging Markets Public Equity,Global EM Public Equity,Global Equity,Emerging Markets Public Equity,Global EM Public Equity,TRUE,30-09-2022 00:00:00,1428107156,-0.102849,-0.099625,-0.327992,-0.008427,0.006325,0.044322,-0.102849,-0.31229,0.070986,,0,7.0986,,1567833741,1428107156,1,2,5,14743,0,1,1,1,7,12,
27877,110477,Squadra,Squadra Brazil,Emerging Markets Public Equity,Global EM Public Equity,Global Equity,Emerging Markets Public Equity,Global EM Public Equity,TRUE,30-09-2022 00:00:00,35807603,-0.048126,0.146013,-0.146828,-0.080687,0.007519,0.009655,-0.048126,0.027966,0.000944,,1,0.0673,,37617997.76,35807602.53,1,2,5,18054,0,0,0,0,7,12,
20584,110597,Proa Partners,Proa,Emerging Markets Public Equity,Global EM Public Equity,Global Equity,Emerging Markets Public Equity,Global EM Public Equity,TRUE,30-09-2022 00:00:00,194213,-0.114615,-0.45545,0.118283,-0.03678,-0.149031,-0.053621,-0.114615,0.241544,-0.047771,,1,-4.7771,,185800.87,194212.84,1,2,5,20539,0,0,0,0,7,12,
18973,109937,Dynamo Internacional,Dynamo Brazil,Emerging Markets Public Equity,Global EM Public Equity,Global Equity,Emerging Markets Public Equity,Global EM Public Equity,TRUE,30-09-2022 00:00:00,43666153,-0.044911,0.055211,-0.239481,-0.047384,-0.011868,0.011522,-0.044911,-0.100605,0.047875,,1,4.7875,,45719475.37,43666152.93,1,2,5,17798,0,0,0,0,7,12,
3689,9951,Prosperity,Russian Prosperity,Emerging Markets Public Equity,Global EM Public Equity,Global Equity,Emerging Markets Public Equity,Global EM Public Equity,TRUE,30-09-2022 00:00:00,0,0,0,-1,-1,-1,-1,0,-1,-1,,1,,,0,0,1,2,5,21208,0,0,0,0,7,12,
18848,10491,Cantillon Capital,Cantillon,Developed Markets Public Equity,Global Developed Public Equity,Global Equity,Developed Markets Public Equity,Global Developed Public Equity,TRUE,30-09-2022 00:00:00,148468400,-0.106805,-0.078889,-0.241617,0.023743,0.068611,0.088863,-0.106805,-0.299362,0.098287,,1,9.8287,,166221697.7,148468399.9,1,1,3,10821,0,0,0,0,20.1,12,
9686,103997,Eminence,Eminence Global,Developed Markets Public Equity,Global Developed Public Equity,Global Equity,Developed Markets Public Equity,Global Developed Public Equity,TRUE,30-09-2022 00:00:00,170149971,-0.099153,-0.026628,-0.281776,0.066625,0.069881,0.117571,-0.099153,-0.317622,0.132862,,1,13.2862,,188877719.2,170149971.4,1,1,3,10676,0,0,0,0,20.1,12,
4497,91579,Viking,Viking LO,Developed Markets Public Equity,Global Developed Public Equity,Global Equity,Developed Markets Public Equity,Global Developed Public Equity,TRUE,30-09-2022 00:00:00,244320540,-0.087911,-0.023604,-0.261412,0.059774,0.065993,0.117128,-0.087911,-0.258711,0.118556,,1,11.936,,267869164.8,244320539.8,1,1,3,10148,0,0,0,0,20.1,12,
34957,107177,Indus,Indus Japan LO,Developed Markets Public Equity,Non-U.S. Developed Public Equity,Global Equity,Developed Markets Public Equity,Non-U.S. Developed Public Equity,TRUE,30-09-2022 00:00:00,72908078,-0.091403,-0.064234,-0.322265,0.022166,0.001758,0.070129,-0.091403,-0.289371,0.06815,,1,6.8613,,80149169.74,72908077.97,1,1,2,8224,0,0,0,0,20.1,12,
8921,110057,Silchester,Silchester IE,Developed Markets Public Equity,Non-U.S. Developed Public Equity,Global Equity,Developed Markets Public Equity,Non-U.S. Developed Public Equity,TRUE,30-09-2022 00:00:00,221946388,-0.087141,-0.109805,-0.207132,-0.012843,-0.013545,0.05198,-0.087141,-0.20775,0.069055,,1,6.1269,,243133212.1,221946387.5,1,1,2,7667,0,0,0,0,20.1,12,
11674,75807,Deerfield,Deerfield PDIV,Directional Hedge Funds,Directional Credit,Global Equity,Directional Hedge Funds,Directional Credit,TRUE,30-09-2022 00:00:00,35897437,0,0,-0.023613,0.135426,0.0843,,0,-0.019394,0.056802,,1,5.7649,,180363531,180363531,1,4,11,26789,0,0,0,0,,12,
876,85886,Deerfield,Deerfield PDIII,Directional Hedge Funds,Directional Credit,Global Equity,Directional Hedge Funds,Directional Credit,TRUE,30-09-2022 00:00:00,10505653,0,0,-0.026135,0.074703,0.070044,,0,0.007901,0.077947,,1,7.8748,,52784732,52784732,1,4,11,27952,0,0,0,0,,12,
25904,87746,Two Creeks,Two Creeks,Directional Hedge Funds,Long/Short Equity,Global Equity,Directional Hedge Funds,Long/Short Equity,TRUE,30-09-2022 00:00:00,53358414,-0.047738,-0.050235,-0.030959,0.048539,0.085571,,-0.047738,-0.05147,0.055829,,1,5.5829,,281534600.8,268094680.3,1,4,7,24111,0,0,0,0,,12,
15165,75327,Hound,Hound HF,Directional Hedge Funds,Long/Short Equity,Global Equity,Directional Hedge Funds,Long/Short Equity,TRUE,30-09-2022 00:00:00,39212140,0.001339,0.005279,-0.158349,0.013653,0.041142,,0.001339,-0.184008,0.018755,,1,1.8755,,196754414.8,197017963.4,1,4,7,24336,0,0,0,0,,12,
12457,87326,Hengistbury,Hengistbury,Directional Hedge Funds,Long/Short Equity,Global Equity,Directional Hedge Funds,Long/Short Equity,TRUE,30-09-2022 00:00:00,40511757,-0.054092,-0.071449,-0.159281,-0.08743,-0.033522,,-0.054092,-0.13748,0.023182,,1,2.3182,,215187645.7,203547777.1,1,4,7,24318,0,0,0,0,,12,
2578,10015,Junto,Junto,Directional Hedge Funds,Long/Short Equity,Global Equity,Directional Hedge Funds,Long/Short Equity,TRUE,30-09-2022 00:00:00,92574358,-0.004878,0.004681,0.032868,0.077156,0.079987,,-0.004878,0.003534,0.075292,,1,9.7674,,467412322.8,465131758.4,1,4,7,23457,0,0,0,0,,12,
24184,75687,Farallon,FASS III,Directional Hedge Funds,Directional Credit,Global Equity,Directional Hedge Funds,Directional Credit,TRUE,30-09-2022 00:00:00,4851499,-0.0587,-0.146254,-0.157192,-0.008204,0.087513,,-0.0587,-0.145688,0.11432,,1,11.5951,,25896031.55,24375934.5,1,4,11,28595,0,0,0,0,,12,
5116,88166,Farallon,Farallon Overflow,Directional Hedge Funds,Directional Credit,Global Equity,Directional Hedge Funds,Directional Credit,TRUE,30-09-2022 00:00:00,17014468,-0.0071,-0.0574,-0.042136,0.082089,0.103186,,-0.0071,-0.022482,0.113301,,1,11.4895,,86099006.84,85487703.89,1,4,11,27511,0,0,0,0,,12,
18598,10072,UTIMCO,Total Private Emerging Markets,Private Equity,PE - Emerging Markets,Global Equity,Private Equity,PE - Emerging Markets,TRUE,30-09-2022 00:00:00,664448403,-0.002539,-0.037616,-0.230737,0.076457,0.100969,,-0.002539,-0.169707,0.094986,,0,9.4986,,674604509.4,664448403.1,1,5,15,30049,0,1,0,1,27.85,12,
8925,93979,UTIMCO,Total Venture Capital,Private Equity,PE - Venture Capital,Global Equity,Private Equity,PE - Venture Capital,TRUE,30-09-2022 00:00:00,2269667698,0.004995,-0.044516,0.043194,0.394693,0.330773,,0.004995,-0.071025,0.23968,,0,23.968,,2266942823,2269667698,1,5,17,36978,0,1,0,1,27.85,12,
7994,10012,UTIMCO,Total PE Buyouts/Growth,Private Equity,PE - Buyouts/Growth,Global Equity,Private Equity,PE - Buyouts/Growth,TRUE,30-09-2022 00:00:00,2578007006,0.002084,-0.009311,0.136326,0.19611,0.156631,,0.002084,0.066531,0.151877,,0,15.1877,,2563852894,2578007006,1,5,19,53545,0,1,0,1,27.85,12,
4386,93859,UTIMCO,Total Private Credit,Private Equity,PE - Credit,Global Equity,Private Equity,PE - Credit,TRUE,30-09-2022 00:00:00,480278411,-0.003128,-0.029496,0.055578,0.082659,0.08039,,-0.003128,0.027369,0.083078,,0,8.3078,,481678742.6,480278411.1,1,5,16,33632,0,1,0,1,27.85,12,
11528,111077,Hillhouse,Hillhouse QFII,Emerging Markets Public Equity,Global EM Public Equity,Global Equity,Emerging Markets Public Equity,Global EM Public Equity,TRUE,30-09-2022 00:00:00,1441316,-0.0269,-0.044367,-0.407178,-0.112171,0.004284,,-0.0269,-0.414816,1.912007,,1,8.4971,,1481158.74,1441316.15,1,2,5,20192,0,0,0,0,7,12,
10294,96798,Acadian,Acadian EM Small Cap,Emerging Markets Public Equity,Global EM Public Equity,Global Equity,Emerging Markets Public Equity,Global EM Public Equity,TRUE,30-09-2022 00:00:00,79697751,-0.102076,-0.069396,-0.205546,0.081817,0.030966,,-0.102076,-0.222306,0.05478,,1,5.4774,,88757824.58,79697751.46,1,2,5,16794,0,0,0,0,7,12,
10084,13131,HDFC,HDFC India,Emerging Markets Public Equity,Global EM Public Equity,Global Equity,Emerging Markets Public Equity,Global EM Public Equity,TRUE,30-09-2022 00:00:00,58544074,-0.049982,0.078754,-0.01334,0.130267,0.085168,,-0.049982,-0.003409,0.098537,,1,9.9694,,61624164.5,58544074.48,1,2,5,17368,0,0,0,0,7,12,
7165,97158,Janchor,Janchor Opp I,Emerging Markets Public Equity,Global EM Public Equity,Global Equity,Emerging Markets Public Equity,Global EM Public Equity,TRUE,30-09-2022 00:00:00,4323082,-0.074141,-0.074205,-0.094421,-0.008159,0.022798,,-0.074141,-0.095516,0.06034,,1,6.1228,,4669268.63,4323082.44,1,2,5,19788,0,0,0,0,7,12,
4601,102677,Petra,Petra Korea - Combined Returns,Emerging Markets Public Equity,Global EM Public Equity,Global Equity,Emerging Markets Public Equity,Global EM Public Equity,TRUE,30-09-2022 00:00:00,51994295,-0.178981,-0.142415,-0.419131,0.03101,-0.022541,,-0.178981,-0.390872,0.012602,,1,1.2721,,63328961.5,51994294.54,1,2,5,17552,0,0,0,0,7,12,
4406,97038,Charles-Lim,Charles-Lim Asia,Emerging Markets Public Equity,Global EM Public Equity,Global Equity,Emerging Markets Public Equity,Global EM Public Equity,TRUE,30-09-2022 00:00:00,108783311,-0.064378,-0.037144,-0.474807,0.071564,0.114556,,-0.064378,-0.419342,0.129294,,1,13.1152,,116268417.2,108783310.6,1,2,5,16217,0,0,0,0,7,12,
3472,102677,Petra,Petra Korea Small Cap,Emerging Markets Public Equity,Global EM Public Equity,Global Equity,Emerging Markets Public Equity,Global EM Public Equity,TRUE,30-09-2022 00:00:00,51994295,-0.178981,-0.142415,-0.419131,0.03101,-0.022541,,-0.178981,-0.390872,0.012602,,1,1.2721,,63328961.5,51994294.54,1,2,5,17550,0,0,0,0,7,12,
550,97098,Baker Brothers,Baker Bros Healthcare,Developed Markets Public Equity,U.S. Public Equity,Global Equity,Developed Markets Public Equity,U.S. Public Equity,TRUE,30-09-2022 00:00:00,124412811,-0.088875,-0.099653,-0.362473,-0.02692,-0.000674,,-0.088875,-0.271271,0.019478,,1,1.9751,,136548520,124412810.6,1,1,1,2477,0,0,0,0,20.1,12,
14164,104837,Westwood Global,Westwood Developed,Developed Markets Public Equity,Non-U.S. Developed Public Equity,Global Equity,Developed Markets Public Equity,Non-U.S. Developed Public Equity,TRUE,30-09-2022 00:00:00,111022226,-0.101568,-0.096761,-0.22705,0.030428,0.014721,,-0.101568,-0.245978,0.021453,,1,1.6558,,123573341.2,111022226.3,1,1,2,8151,0,0,0,0,20.1,12,
6251,9175,DE Shaw,DE Shaw Alkali IV,Directional Hedge Funds,Directional Credit,Global Equity,Directional Hedge Funds,Directional Credit,TRUE,30-09-2022 00:00:00,17707136,0.024003,-0.002572,0.028546,0.094415,,,0.024003,-0.010891,0.09352,,1,11.434,,86882757.38,88967953.42,1,4,11,27470,0,0,0,0,,12,
23465,8455,Farallon,Farallon Special Situations I,Directional Hedge Funds,Directional Credit,Global Equity,Directional Hedge Funds,Directional Credit,TRUE,30-09-2022 00:00:00,18383282,0.0051,0.024688,0.028842,0.096548,,,0.0051,0.02404,0.092465,,1,9.2464,,91896517.51,92365189.75,1,4,11,27443,0,0,0,0,,12,
7977,8335,Contrarian,Contrarian EM II,Directional Hedge Funds,Directional Credit,Global Equity,Directional Hedge Funds,Directional Credit,TRUE,30-09-2022 00:00:00,39822815,-0.064444,-0.053161,-0.161634,-0.053398,,,-0.064444,-0.14312,-0.057464,,1,-5.7464,,213868750,200086250,1,4,11,26658,0,0,0,0,,12,
32473,8575,D1 Capital Partners,D1 HF,Directional Hedge Funds,Long/Short Equity,Global Equity,Directional Hedge Funds,Long/Short Equity,TRUE,30-09-2022 00:00:00,88745320,-0.018155,-0.006367,-0.177211,0.168251,,,-0.018155,-0.201741,0.163756,,1,16.3756,,454138113.2,445893093.3,1,4,7,23530,0,0,0,0,,12,
22685,115337,BlueSpruce,WhiteSpruce,Developed Markets Public Equity,U.S. Public Equity,Global Equity,Developed Markets Public Equity,U.S. Public Equity,TRUE,30-09-2022 00:00:00,153716335,-0.102816,-0.058001,-0.262422,0.00277,,,-0.102816,-0.290452,0.047944,,1,4.7944,,171331945.8,153716335.1,1,1,1,2119,0,0,0,0,20.1,12,
7193,115817,Eminence,Eminence US,Developed Markets Public Equity,U.S. Public Equity,Global Equity,Developed Markets Public Equity,U.S. Public Equity,TRUE,30-09-2022 00:00:00,50208723,-0.104751,-0.02918,-0.248044,0.093629,,,-0.104751,-0.305027,0.107009,,1,10.7008,,56083550.68,50208723.41,1,1,1,3542,0,0,0,0,20.1,12,
3060,5692,UTIMCO,GS US Value Passive,Developed Markets Public Equity,U.S. Public Equity,Global Equity,Developed Markets Public Equity,U.S. Public Equity,TRUE,30-09-2022 00:00:00,91897437,-0.082005,-0.057408,-0.092857,0.035481,,,-0.082005,-0.173616,0.071459,,1,7.2518,,98110116.4,91897437.3,1,1,1,2918,0,0,0,0,20.1,12,
761,1012,DE Shaw,DE Shaw US 130-30,Developed Markets Public Equity,U.S. Public Equity,Global Equity,Developed Markets Public Equity,U.S. Public Equity,TRUE,30-09-2022 00:00:00,222552059,-0.081995,-0.027352,-0.129293,0.07237,,,-0.081995,-0.212272,0.093247,,1,9.3247,,242430010.7,222552059.1,1,1,1,1432,0,0,0,0,20.1,12,
188,5632,UTIMCO,MSCI US Passive,Developed Markets Public Equity,U.S. Public Equity,Global Equity,Developed Markets Public Equity,U.S. Public Equity,TRUE,30-09-2022 00:00:00,0,0,0,-0.999594,-0.919404,,,0,-0.999175,-0.859943,,1,,,0.01,0.01,1,1,1,6743,0,0,0,0,20.1,12,
3659,94280,UTIMCO,Total Portable Alpha,Developed Markets Public Equity,Hedge Fund Overlay,Global Equity,Developed Markets Public Equity,Hedge Fund Overlay,TRUE,30-09-2022 00:00:00,,-0.083067,-0.062182,-0.2246,-0.081297,,,-0.083067,-0.2246,-0.060395,,1,2.0995,,338269127.8,327104001,1,1,4,14448,0,0,0,0,20.1,12,
27605,1012,DE Shaw,DE Shaw AE - Combined Returns,Developed Markets Public Equity,Global Developed Public Equity,Global Equity,Developed Markets Public Equity,Global Developed Public Equity,TRUE,30-09-2022 00:00:00,222552059,-0.081995,-0.027352,-0.129293,0.07237,,,-0.081995,-0.212272,0.093247,,1,9.3247,,242430010.7,222552059.1,1,1,3,10347,0,0,0,0,20.1,12,
24313,952,AKO,AKO Global LO,Developed Markets Public Equity,Global Developed Public Equity,Global Equity,Developed Markets Public Equity,Global Developed Public Equity,TRUE,30-09-2022 00:00:00,206839961,-0.098625,-0.085016,-0.272284,0.008581,,,-0.098625,-0.328994,0.050025,,1,5.0025,,229471536.8,206839960.7,1,1,3,10430,0,0,0,0,20.1,12,
16573,116057,TPG Capital,TPG LO,Developed Markets Public Equity,Global Developed Public Equity,Global Equity,Developed Markets Public Equity,Global Developed Public Equity,TRUE,30-09-2022 00:00:00,157926700,-0.09118,-0.054431,-0.179585,0.020365,,,-0.09118,-0.206417,0.019555,,1,1.9555,,173771233.9,157926700.3,1,1,3,10772,0,0,0,0,20.1,12,
9627,90558,Tiger Global,Tiger Global LO,Developed Markets Public Equity,Global Developed Public Equity,Global Equity,Developed Markets Public Equity,Global Developed Public Equity,TRUE,30-09-2022 00:00:00,47184899,-0.078952,-0.025193,-0.702319,-0.154938,,,-0.078952,-0.645771,-0.102367,,1,-10.2367,,51229716.33,47184898.94,1,1,3,11392,0,0,0,0,20.1,12,
10236,90498,East Bridge Capital,East Bridge India,Emerging Markets Public Equity,Global EM Public Equity,Global Equity,Emerging Markets Public Equity,Global EM Public Equity,TRUE,30-09-2022 00:00:00,48069328,-0.063667,0.099238,-0.216986,0.056655,,,-0.063667,-0.208315,-0.032427,,1,-3.2427,,51337870.75,48069327.89,1,2,5,17662,0,0,0,0,7,12,
1993,110117,Hillhouse,Hillhouse Gaoling,Emerging Markets Public Equity,Global EM Public Equity,Global Equity,Emerging Markets Public Equity,Global EM Public Equity,TRUE,30-09-2022 00:00:00,132214575,-0.091101,-0.146609,-0.347572,0.039063,,,-0.091101,-0.290435,0.116988,,1,,,145466759.9,132214575,1,2,5,15923,0,0,0,0,7,12,
3969,3413,UTIMCO,Total Directional Hedge,Directional Hedge Funds,Directional Hedge Funds,Global Equity,Directional Hedge Funds,,TRUE,30-09-2022 00:00:00,1282711936,-0.024083,0.0057,-0.127558,0.059152,,,-0.024083,-0.124953,0.055852,,0,5.5852,,1297303905,1282711936,1,4,,21706,0,1,1,0,6.38,12,
6345,117137,Echo Street,Echo Street Select Plus,Developed Markets Public Equity,U.S. Public Equity,Global Equity,Developed Markets Public Equity,U.S. Public Equity,TRUE,30-09-2022 00:00:00,12565491,-0.094982,-0.040633,-0.326383,,,,-0.094982,-0.34267,-0.123196,,1,-12.3196,,13884247.5,12565490.64,1,1,1,4916,0,0,0,0,20.1,12,
1961,117017,Echo Street,Echo Street Select,Developed Markets Public Equity,U.S. Public Equity,Global Equity,Developed Markets Public Equity,U.S. Public Equity,TRUE,30-09-2022 00:00:00,50236304,-0.097907,-0.051179,-0.319413,,,,-0.097907,-0.336997,-0.122389,,1,-12.2389,,55688638.97,50236303.66,1,1,1,3540,0,0,0,0,20.1,12,
10718,116597,PIMCO,PIMCO StocksPlus,Developed Markets Public Equity,U.S. Public Equity,Global Equity,Developed Markets Public Equity,U.S. Public Equity,TRUE,30-09-2022 00:00:00,157249513,-0.084933,-0.064091,-0.203181,,,,-0.084933,-0.274589,0.019997,,1,1.9997,,171844894.7,157249512.6,1,1,1,2069,0,0,0,0,20.1,12,
10473,117197,"Texas McCombs Investment Advisers, LLC",UT Longhorn Fund,Developed Markets Public Equity,U.S. Public Equity,Global Equity,Developed Markets Public Equity,U.S. Public Equity,TRUE,30-09-2022 00:00:00,2580515,-0.095893,-0.052666,-0.195145,,,,-0.095893,-0.262325,-0.056437,,1,-5.6437,,2854213.83,2580515.37,1,1,1,5824,0,0,0,0,20.1,12,
6817,116117,Marshall Wace,Marshall Wace US 150-50,Developed Markets Public Equity,U.S. Public Equity,Global Equity,Developed Markets Public Equity,U.S. Public Equity,TRUE,30-09-2022 00:00:00,201771180,-0.092762,-0.049898,-0.161467,,,,-0.092762,-0.243118,0.075694,,1,7.5694,,222401498.2,201771180.4,1,1,1,1574,0,0,0,0,20.1,12,
3293,117317,Texas A&M University,TAMU Reveille Fund,Developed Markets Public Equity,U.S. Public Equity,Global Equity,Developed Markets Public Equity,U.S. Public Equity,TRUE,30-09-2022 00:00:00,2610356,-0.089084,-0.052963,-0.176399,,,,-0.089084,-0.248322,-0.054044,,1,-5.4044,,2865638.55,2610356.15,1,1,1,5819,0,0,0,0,20.1,12,
2026,116717,Two Sigma,Two Sigma US 130-30,Developed Markets Public Equity,U.S. Public Equity,Global Equity,Developed Markets Public Equity,U.S. Public Equity,TRUE,30-09-2022 00:00:00,150473338,-0.082161,-0.032916,-0.141715,,,,-0.082161,-0.20178,0.038799,,1,3.8798,,154343741.7,150473338.5,1,1,1,2163,0,0,0,0,20.1,12,
10567,107237,UTIMCO,Indus Japan Forward,Developed Markets Public Equity,Non-U.S. Developed Public Equity,Global Equity,Developed Markets Public Equity,Non-U.S. Developed Public Equity,TRUE,30-09-2022 00:00:00,9553880,0.135704,0.251475,121.664335,,,,0.135704,44.81054,,,1,,,8412300.57,9553879.86,1,1,2,8656,0,0,0,0,20.1,12,
6277,116177,Marshall Wace,Marshall Wace World,Developed Markets Public Equity,Global Developed Public Equity,Global Equity,Developed Markets Public Equity,Global Developed Public Equity,TRUE,30-09-2022 00:00:00,104367880,-0.092886,-0.061545,-0.184168,,,,-0.092886,-0.227492,0.064303,,1,6.2295,,115054809,104367879.6,1,1,3,10973,0,0,0,0,20.1,12,
4881,116897,GQG Partners,GQG Global,Developed Markets Public Equity,Global Developed Public Equity,Global Equity,Developed Markets Public Equity,Global Developed Public Equity,TRUE,30-09-2022 00:00:00,227131037,-0.090923,-0.104349,-0.111969,,,,-0.090923,-0.154931,-0.001392,,1,-0.1392,,249847976.1,227131036.7,1,1,3,10302,0,0,0,0,20.1,12,
1738,89058,Generation,Generation Global,Developed Markets Public Equity,Global Developed Public Equity,Global Equity,Developed Markets Public Equity,Global Developed Public Equity,TRUE,30-09-2022 00:00:00,77195582,-0.100542,-0.078453,-0.324772,,,,-0.100542,-0.350797,-0.324772,,1,-32.4772,,85824583.16,77195581.95,1,1,3,11053,0,0,0,0,20.1,12,
9993,116237,Marshall Wace,Marshall Wace EM,Emerging Markets Public Equity,Global EM Public Equity,Global Equity,Emerging Markets Public Equity,Global EM Public Equity,TRUE,30-09-2022 00:00:00,95301645,-0.120606,-0.125717,-0.261506,,,,-0.120606,-0.245716,-0.023217,,1,-2.3217,,108372001.5,95301644.83,1,2,5,16468,0,0,0,0,7,12,
6808,116777,Two Sigma,Two Sigma China,Emerging Markets Public Equity,Global EM Public Equity,Global Equity,Emerging Markets Public Equity,Global EM Public Equity,TRUE,30-09-2022 00:00:00,34330796,-0.081646,-0.173776,-0.231862,,,,-0.081646,-0.253381,-0.008868,,1,-0.8868,,37382966.75,34330796.47,1,2,5,18105,0,0,0,0,7,12,
5925,97218,Janchor,Janchor Opp II,Emerging Markets Public Equity,Global EM Public Equity,Global Equity,Emerging Markets Public Equity,Global EM Public Equity,TRUE,30-09-2022 00:00:00,50952382,-0.0881,-0.104946,-0.298013,,,,-0.0881,-0.296929,0.020835,,1,2.0835,,55874994.17,50952381.54,1,2,5,17572,0,0,0,0,7,12,
3053,88818,Grand Alliance Asset Management,Grand Alliance Taiwan,Emerging Markets Public Equity,Global EM Public Equity,Global Equity,Emerging Markets Public Equity,Global EM Public Equity,TRUE,30-09-2022 00:00:00,67810699,-0.152007,-0.111848,-0.292301,,,,-0.152007,-0.38738,-0.271458,,1,-27.1458,,79966061.48,67810699.42,1,2,5,17095,0,0,0,0,7,12,
2629,88758,CoreView Capital Management,CoreView China,Emerging Markets Public Equity,Global EM Public Equity,Global Equity,Emerging Markets Public Equity,Global EM Public Equity,TRUE,30-09-2022 00:00:00,26979647,-0.092765,-0.18511,-0.283986,,,,-0.092765,-0.274281,-0.256508,,1,-25.6508,,29738312.02,26979647.3,1,2,5,18269,0,0,0,0,7,12,
2310,6352,UTIMCO,Public EM Passive,Emerging Markets Public Equity,Global EM Public Equity,Global Equity,Emerging Markets Public Equity,Global EM Public Equity,TRUE,30-09-2022 00:00:00,108257170,-0.117233,-0.115725,-0.263313,,,,-0.117233,-0.271848,-0.147415,,1,,,121991486.6,108257169.8,1,2,5,16222,0,0,0,0,7,12,
18916,101778,UTIMCO,MSCI US Value LC,Developed Markets Public Equity,U.S. Public Equity,Global Equity,Developed Markets Public Equity,U.S. Public Equity,TRUE,30-09-2022 00:00:00,47122251,-0.078098,-0.060439,,,,,-0.078098,,-0.132069,,1,-13.2069,,51393750.32,47122250.63,1,1,1,3618,0,0,0,0,20.1,12,
11138,90078,Cooke & Bieler,Cooke & Bieler CV,Developed Markets Public Equity,U.S. Public Equity,Global Equity,Developed Markets Public Equity,U.S. Public Equity,TRUE,30-09-2022 00:00:00,131054947,-0.098293,-0.101563,,,,,-0.098293,,-0.17847,,1,-17.7881,,145340993,131054947.3,1,1,1,2409,0,0,0,0,20.1,12,
8137,89358,Echo Street,Echo Street New World,Developed Markets Public Equity,U.S. Public Equity,Global Equity,Developed Markets Public Equity,U.S. Public Equity,TRUE,30-09-2022 00:00:00,28599476,-0.098389,-0.033377,,,,,-0.098389,,-0.25908,,1,-25.908,,31720426.61,28599476.49,1,1,1,4195,0,0,0,0,20.1,12,
25925,89958,Arrowstreet,Arrowstreet ACWI,Developed Markets Public Equity,Global Developed Public Equity,Global Equity,Developed Markets Public Equity,Global Developed Public Equity,TRUE,30-09-2022 00:00:00,63352743,-0.086154,-0.094845,,,,,-0.086154,,-0.164497,,1,-16.4497,,69325389.63,63352742.64,1,1,3,11142,0,0,0,0,20.1,12,
20056,94160,UTIMCO,Total Portable Alpha DM Consol,Developed Markets Public Equity,Hedge Fund Overlay,Global Equity,Developed Markets Public Equity,Hedge Fund Overlay,TRUE,30-09-2022 00:00:00,,-0.08114,,,,,,-0.08114,,-0.08114,,,-8.114,,166424233.1,169854488.4,1,1,4,14457,0,0,0,0,20.1,12,
16394,101958,UTIMCO,MSCI EM Reallocation,Developed Markets Public Equity,Global Developed Public Equity,Global Equity,Developed Markets Public Equity,Global Developed Public Equity,TRUE,30-09-2022 00:00:00,-6357480,-0.282626,,,,,,-0.282626,,-0.282626,,,-28.2626,,-8862155.99,-6357480.11,1,1,3,12630,0,0,0,0,20.1,12,
7148,1312,UTIMCO,Internal Factor Basket,Developed Markets Public Equity,Global Developed Public Equity,Global Equity,Developed Markets Public Equity,Global Developed Public Equity,TRUE,30-09-2022 00:00:00,34353680,-0.090445,,,,,,-0.090445,,-0.131034,,,-13.1034,,37769748.54,34353680.18,1,1,3,11778,0,0,0,0,20.1,12,
22498,7192,UTIMCO,MSCI EM ex-China Swap,Emerging Markets Public Equity,Global EM Public Equity,Global Equity,Emerging Markets Public Equity,Global EM Public Equity,TRUE,30-09-2022 00:00:00,45432367,-0.103678,-0.055885,,,,,-0.103678,,-0.225074,,1,-22.5074,,45835667.14,45432367.23,1,2,5,17754,0,0,0,0,7,12,
6614,90018,Hillhouse,Hillhouse China Value,Emerging Markets Public Equity,Global EM Public Equity,Global Equity,Emerging Markets Public Equity,Global EM Public Equity,TRUE,30-09-2022 00:00:00,85229452,-0.091185,-0.205129,,,,,-0.091185,,-0.099594,,1,-9.9594,,93780825.37,85229451.63,1,2,5,16699,0,0,0,0,7,12,
3822,89178,UTIMCO,Taiwan Semi,Emerging Markets Public Equity,Global EM Public Equity,Global Equity,Emerging Markets Public Equity,Global EM Public Equity,TRUE,30-09-2022 00:00:00,13210599,-0.194759,-0.164551,,,,,-0.194759,-0.393174,-0.368499,,1,-31.2568,,16405760.84,13210598.99,1,2,5,18950,0,0,0,0,7,12,
2219,89298,Arrowstreet,Arrowstreet EM,Emerging Markets Public Equity,Global EM Public Equity,Global Equity,Emerging Markets Public Equity,Global EM Public Equity,TRUE,30-09-2022 00:00:00,201655011,-0.100992,-0.069663,,,,,-0.100992,-0.165195,-0.165195,,1,-16.5195,,224308459.6,201655011.2,1,2,5,15452,0,0,0,0,7,12,
2558,11335,Myriad,Myriad Direct - Didi,Directional Hedge Funds,Directional Multi-Strat,Global Equity,Directional Hedge Funds,Directional Multi-Strat,TRUE,30-09-2022 00:00:00,555851,-0.279608,-0.377288,,,,,-0.279608,,-0.516148,,1,-51.6148,,3876813.45,2792826,1,4,9,25901,0,0,0,0,,12,
5834,10375,DE Shaw,DE Shaw Alkali V - Offshore,Directional Hedge Funds,Directional Credit,Global Equity,Directional Hedge Funds,Directional Credit,TRUE,30-09-2022 00:00:00,5428292,0.019,0.018678,-3.60E-05,,,,0.019,-3.60E-05,-2.90E-05,,1,-0.0036,,26765433.94,27273977.18,1,4,11,28531,0,0,0,0,,12,
2509,10315,DE Shaw,DE Shaw Alkali V - Onshore,Directional Hedge Funds,Directional Credit,Global Equity,Directional Hedge Funds,Directional Credit,TRUE,30-09-2022 00:00:00,5430303,0.019,0.019009,-0.004403,,,,0.019,-0.004403,-0.003524,,1,-0.4403,,26775351.46,27284083.13,1,4,11,28530,0,0,0,0,,12,
7468,10495,Farallon,Farallon Special Situations II,Directional Hedge Funds,Directional Credit,Global Equity,Directional Hedge Funds,Directional Credit,TRUE,30-09-2022 00:00:00,9875883,0.0272,0.033132,0.042781,,,,0.0272,0.104708,0.026811,,1,3.9426,,43024602.01,49620511.15,1,4,11,28009,0,0,0,0,,12,
16873,10555,Marshall Wace,Marshall Wace Eureka,Directional Hedge Funds,Directional Multi-Strat,Global Equity,Directional Hedge Funds,Directional Multi-Strat,TRUE,30-09-2022 00:00:00,35137740,0.009078,0.021824,0.057174,,,,0.009078,0.040152,0.11485,,1,11.0012,,174958248,176546501.2,1,4,9,25675,0,0,0,0,,12,
14124,10915,D1 Capital Partners,D1 CI - Rivian,Directional Hedge Funds,Long/Short Equity,Global Equity,Directional Hedge Funds,Long/Short Equity,TRUE,30-09-2022 00:00:00,2775420,0.006114,0.271448,-0.509218,,,,0.006114,-0.64232,-0.434137,,1,-43.4138,,13860110.17,13944855.57,1,4,7,24914,0,0,0,0,,12,
11533,11035,Tiger Pacific,Tiger Pacific,Directional Hedge Funds,Long/Short Equity,Global Equity,Directional Hedge Funds,Long/Short Equity,TRUE,30-09-2022 00:00:00,45168171,-0.0004,0.03158,-0.072733,,,,-0.0004,0.018425,-0.05776,,1,-5.776,,227034334.1,226943520.4,1,4,7,24267,0,0,0,0,,12,
7888,10675,Hound,Hound Variable Beta,Directional Hedge Funds,Long/Short Equity,Global Equity,Directional Hedge Funds,Long/Short Equity,TRUE,30-09-2022 00:00:00,41028609,-0.01669,0.026699,0.070961,,,,-0.01669,0.000711,0.098501,,1,9.8501,,209643661.7,206144653.5,1,4,7,24313,0,0,0,0,,12,
1780,9895,Deerfield,Deerfield Partners,Directional Hedge Funds,Long/Short Equity,Global Equity,Directional Hedge Funds,Long/Short Equity,TRUE,30-09-2022 00:00:00,70838170,-0.006474,0.055305,-0.039672,,,,-0.006474,-0.000109,0.114402,,1,7.5173,,358239426.9,355920184.9,1,4,7,23814,0,0,0,0,,12,
788,10255,TPG Capital,TPG TPEP HF,Directional Hedge Funds,Long/Short Equity,Global Equity,Directional Hedge Funds,Long/Short Equity,TRUE,30-09-2022 00:00:00,54003777,-0.028012,-0.020092,-0.00687,,,,-0.028012,-0.048222,0.008364,,1,0.8364,,279157109,271337249.9,1,4,7,24103,0,0,0,0,,12,
7477,10435,Deerfield,Deerfield PDV,Directional Hedge Funds,Directional Credit,Global Equity,Directional Hedge Funds,Directional Credit,TRUE,30-09-2022 00:00:00,7375680,0,0,-0.031752,,,,0,0.040484,0.062224,,1,6.2224,,37058457,37058457,1,4,11,28316,0,0,0,0,,12,
8174,83847,UTIMCO,Total Directional Hedge Multi,Directional Hedge Funds,Directional Multi-Strat,Global Equity,Directional Hedge Funds,Directional Multi-Strat,TRUE,31-12-2022 00:00:00,,0,0,0,0,0.053269,0.052834,0,0,0.075699,,0,7.5699,,1019788518,1030803750,1,4,9,25907,0,0,1,0,,12,
4217,83967,UTIMCO,Total Directional Hedge Credit,Directional Hedge Funds,Directional Credit,Global Equity,Directional Hedge Funds,Directional Credit,TRUE,31-12-2022 00:00:00,,0,0,0,0,0.043354,0.058032,0,0,0.068684,,0,6.8684,,1021035478,1110431930,1,4,11,29923,0,0,1,0,,12,
3779,84387,UTIMCO,Total Directional HF Pool,Directional Hedge Funds,Directional Hedge Funds,Global Equity,Directional Hedge Funds,,TRUE,31-12-2022 00:00:00,,0,0,0,0,0.059801,0.063813,0,0,0.079999,,0,7.9999,,6378138284,6487033071,1,4,,21730,0,0,1,0,,12,
3624,83727,UTIMCO,Total Directional Hedge Long/Short Equity,Directional Hedge Funds,Long/Short Equity,Global Equity,Directional Hedge Funds,Long/Short Equity,TRUE,31-12-2022 00:00:00,,0,0,0,0,0.068657,0.071672,0,0,0.081073,,0,8.1073,,4337240469,4345723571,1,4,7,25223,0,0,1,0,,12,
964,85826,Deerfield,Deerfield PDII,Directional Hedge Funds,Directional Credit,Global Equity,Directional Hedge Funds,Directional Credit,TRUE,31-12-2022 00:00:00,1714257,0,0.00079,0.368817,0.225044,0.112105,0.14379,0.00079,0.368817,0.138021,,1,13.8021,,8616822.77,8616822.77,1,4,11,29195,0,0,0,0,,12,
8709,8700,UTIMCO,Total Private Equity,Private Equity,Private Equity,Global Equity,Private Equity,,TRUE,31-12-2022 00:00:00,,-0.007106,-0.015822,-0.041264,0.226837,0.187464,0.15546,-0.013612,-0.041264,0.18705,,1,12.3782,,14611053514,14581714763,1,5,,30018,0,1,1,0,,12,
468,7435,Baupost,Baupost,Directional Hedge Funds,Directional Multi-Strat,Global Equity,Directional Hedge Funds,Directional Multi-Strat,TRUE,31-12-2022 00:00:00,26967797,-0.0088,0.035405,0.060949,0.090225,0.068806,0.069215,0.016975,0.060949,0.080522,,1,8.0995,,136758842,135555361.8,1,4,9,25717,0,0,0,0,,12,
5957,86726,Farallon,FASS II,Directional Hedge Funds,Directional Credit,Global Equity,Directional Hedge Funds,Directional Credit,TRUE,31-12-2022 00:00:00,589935,0.091,0.251981,-0.187158,-0.199069,-0.132327,-0.002751,0.072823,-0.187158,0.003005,,1,0.3318,,2718007.77,2965346.48,1,4,11,29548,0,0,0,0,,12,
5684,86006,Farallon,FASS,Directional Hedge Funds,Directional Credit,Global Equity,Directional Hedge Funds,Directional Credit,TRUE,31-12-2022 00:00:00,445373,0.0121,0.047644,0.039639,-0.157949,-0.107373,-0.036376,0.061682,0.039639,0.014133,,1,1.3716,,2211932.61,2238696.99,1,4,11,29629,0,0,0,0,,12,
643,7315,Centerbridge,Centerbridge,Directional Hedge Funds,Directional Credit,Global Equity,Directional Hedge Funds,Directional Credit,TRUE,31-12-2022 00:00:00,2145204,-0.039038,-0.018568,2.40E-05,-0.133675,-0.063146,-0.014815,-0.031663,2.40E-05,0.02473,,1,2.473,,11221049.44,10783003.33,1,4,11,29092,0,0,0,0,,12,
11486,86606,Sculptor,Sculptor Credit Opp,Directional Hedge Funds,Directional Credit,Global Equity,Directional Hedge Funds,Directional Credit,TRUE,31-12-2022 00:00:00,165772,0.140266,0.327687,0.388972,-0.11444,-0.107518,-0.01361,0.423675,0.388972,0.012284,,1,1.2284,,730762.21,833263.1,1,4,11,29816,0,0,0,0,,12,
3396,83846,Silver Point,Silver Point HF,Directional Hedge Funds,Directional Credit,Global Equity,Directional Hedge Funds,Directional Credit,TRUE,31-12-2022 00:00:00,7196958,0.00855,0.001477,0.02748,0.129629,0.081621,0.07559,-0.003413,0.02748,0.077279,,1,7.7279,,35869297.81,36175971.36,1,4,11,28335,0,0,0,0,,12,
3576,85167,Steadfast,Steadfast,Directional Hedge Funds,Long/Short Equity,Global Equity,Directional Hedge Funds,Long/Short Equity,TRUE,31-12-2022 00:00:00,67094854,0.027963,0.03191,-0.054678,-0.020262,0.031063,0.054758,0.031884,-0.054678,0.078776,,1,7.8778,,328082519.9,337256591.3,1,4,7,23887,0,0,0,0,,12,
3052,10735,Maverick,Maverick HF - Hedged,Directional Hedge Funds,Long/Short Equity,Global Equity,Directional Hedge Funds,Long/Short Equity,TRUE,31-12-2022 00:00:00,22606283,-0.048932,-0.002527,0.038684,0.849264,0.479575,0.24988,-0.006907,0.038684,0.163004,,1,,,10995995.57,25902976.94,1,4,7,24570,0,0,0,0,,12,
12163,87026,Slate Path,Slate Path HF,Directional Hedge Funds,Long/Short Equity,Global Equity,Directional Hedge Funds,Long/Short Equity,TRUE,31-12-2022 00:00:00,52446126,0.031266,0.134048,0.158004,0.287576,0.188344,0.13347,0.118837,0.158004,0.137604,,1,13.7604,,255631172.9,263623818.5,1,4,7,24131,0,0,0,0,,12,
4128,7795,Valiant,Valiant,Directional Hedge Funds,Long/Short Equity,Global Equity,Directional Hedge Funds,Long/Short Equity,TRUE,31-12-2022 00:00:00,42132674,-0.003408,-0.016974,-0.160127,-0.005943,-0.002653,0.020589,-0.005153,-0.160127,0.059514,,1,5.9514,,212506838.3,211782591.8,1,4,7,24300,0,0,0,0,,12,
1963,86426,Janchor,Janchor HF,Directional Hedge Funds,Long/Short Equity,Global Equity,Directional Hedge Funds,Long/Short Equity,TRUE,31-12-2022 00:00:00,66551171,0.019422,0.083325,-0.030325,0.049938,0.037094,0.092107,0.08875,-0.030325,0.085281,,1,8.5929,,328150518.1,334523732.5,1,4,7,23909,0,0,0,0,,12,
590,82766,Axon,Axon,Directional Hedge Funds,Long/Short Equity,Global Equity,Directional Hedge Funds,Long/Short Equity,TRUE,31-12-2022 00:00:00,714065,0.012034,-0.023854,-0.028226,-0.056609,-0.06965,-0.033436,-0.027546,-0.028226,0.005548,,1,0.555,,3546616,3589294.54,1,4,7,25191,0,0,0,0,,12,
23917,89660,UTIMCO,Total Global Equity,Global Equity,Global Equity,Global Equity,Total Regime,,TRUE,31-12-2022 00:00:00,,-0.015511,0.03734,-0.126928,0.101881,0.097415,0.098292,-0.006581,-0.126928,0.067455,,,6.7455,,13340284141,13211590148,1,,,122,1,0,1,0,,12,
4445,10672,UTIMCO,Total Public Equity,Public Equity,Public Equity,Global Equity,Total Regime,,TRUE,31-12-2022 00:00:00,5942536962,-0.028272,0.09801,-0.219554,0.021552,0.042588,0.079395,-0.005191,-0.219554,0.048429,,1,6.0464,,6080619515,5942536962,1,3,,21391,0,1,0,1,,12,
6060,413,UTIMCO,Total Developed Public Equity,Developed Markets Public Equity,Developed Markets Public Equity,Global Equity,Developed Markets Public Equity,,TRUE,31-12-2022 00:00:00,,-0.033255,0.10274,-0.208219,0.034258,0.057274,0.095066,0.002607,-0.208219,0.062521,,,6.2521,,4535087568,4457520659,1,1,,249,0,1,1,0,21.15,12,
18658,13852,UTIMCO,Total Global Developed Equity,Developed Markets Public Equity,Global Developed Public Equity,Global Equity,Developed Markets Public Equity,Global Developed Public Equity,TRUE,31-12-2022 00:00:00,1941621813,-0.03786,0.100553,-0.247564,0.023062,0.058894,0.099079,-0.001541,-0.247564,0.087477,,0,8.7477,,1741748166,1681369449,1,1,3,8887,0,0,1,1,21.15,12,
4124,13672,UTIMCO,Total Non-U.S. Developed Public Equity,Developed Markets Public Equity,Non-U.S. Developed Public Equity,Global Equity,Developed Markets Public Equity,Non-U.S. Developed Public Equity,TRUE,31-12-2022 00:00:00,580065352,0.00092,0.169371,-0.140081,0.008645,0.018732,0.078891,0.067743,-0.140081,0.053068,,0,5.3068,,579489490.5,580065352.5,1,1,2,7274,0,0,1,1,21.15,12,
3384,713,UTIMCO,Total Emerging Markets Public Equity,Emerging Markets Public Equity,Global EM Public Equity,Global Equity,Emerging Markets Public Equity,Global EM Public Equity,TRUE,31-12-2022 00:00:00,1485016303,-0.013653,0.084109,-0.254447,-0.020446,0.005609,0.04735,-0.02739,-0.254447,0.074111,,0,7.4111,,1545531947,1485016303,1,2,5,14738,0,1,1,1,7,12,
27877,110477,Squadra,Squadra Brazil,Emerging Markets Public Equity,Global EM Public Equity,Global Equity,Emerging Markets Public Equity,Global EM Public Equity,TRUE,31-12-2022 00:00:00,35946617,-0.038234,-0.006785,0.020991,-0.12576,0.012959,0.003057,-0.054585,0.020991,0.000288,,1,0.0019,,37375650.26,35946617.29,1,2,5,18048,0,0,0,0,7,12,
20584,110597,Proa Partners,Proa,Emerging Markets Public Equity,Global EM Public Equity,Global Equity,Emerging Markets Public Equity,Global EM Public Equity,TRUE,31-12-2022 00:00:00,190,0.198109,4.323653,5.609552,0.74134,0.169964,0.112179,3.713483,5.609552,0.116508,,1,11.6508,,462712.66,189.65,1,2,5,21089,0,0,0,0,7,12,
18973,109937,Dynamo Internacional,Dynamo Brazil,Emerging Markets Public Equity,Global EM Public Equity,Global Equity,Emerging Markets Public Equity,Global EM Public Equity,TRUE,31-12-2022 00:00:00,42244906,-0.045225,-0.025809,-0.123817,-0.132403,-0.011614,0.00442,-0.069561,-0.123817,0.044924,,1,4.4924,,44245934.97,42244905.5,1,2,5,17843,0,0,0,0,7,12,
11528,111077,Hillhouse,Hillhouse QFII,Emerging Markets Public Equity,Global EM Public Equity,Global Equity,Emerging Markets Public Equity,Global EM Public Equity,TRUE,31-12-2022 00:00:00,1417348,-0.009506,-0.01663,-0.424548,-0.150142,-0.035232,1.830475,-0.043083,-0.424548,1.830475,,1,8.0947,,1430950.65,1417348.03,1,2,5,20205,0,0,0,0,7,12,
10084,13131,HDFC,HDFC India,Emerging Markets Public Equity,Global EM Public Equity,Global Equity,Emerging Markets Public Equity,Global EM Public Equity,TRUE,31-12-2022 00:00:00,62071025,-0.038948,0.067179,0.063541,0.139654,0.067497,0.10424,0.013839,0.063541,0.10307,,1,10.424,,64586556.73,62071024.75,1,2,5,17267,0,0,0,0,7,12,
3689,9951,Prosperity,Russian Prosperity,Emerging Markets Public Equity,Global EM Public Equity,Global Equity,Emerging Markets Public Equity,Global EM Public Equity,TRUE,31-12-2022 00:00:00,0,0,0,-1,-1,-1,-1,0,-1,-1,,1,,,0,0,1,2,5,21208,0,0,0,0,7,12,
18848,10491,Cantillon Capital,Cantillon,Developed Markets Public Equity,Global Developed Public Equity,Global Equity,Developed Markets Public Equity,Global Developed Public Equity,TRUE,31-12-2022 00:00:00,157784738,-0.039859,0.088005,-0.237702,0.027543,0.073875,0.094586,-0.028199,-0.237702,0.103688,,1,10.3688,,164335037.4,157784738.2,1,1,3,10773,0,0,0,0,21.15,12,
9686,103997,Eminence,Eminence Global,Developed Markets Public Equity,Global Developed Public Equity,Global Equity,Developed Markets Public Equity,Global Developed Public Equity,TRUE,31-12-2022 00:00:00,186202898,-0.035916,0.119866,-0.235829,0.070646,0.084522,0.127204,0.008828,-0.235829,0.141675,,1,14.1675,,193139694.8,186202898.1,1,1,3,10571,0,0,0,0,21.15,12,
4497,91579,Viking,Viking LO,Developed Markets Public Equity,Global Developed Public Equity,Global Equity,Developed Markets Public Equity,Global Developed Public Equity,TRUE,31-12-2022 00:00:00,262649356,-0.031,0.101813,-0.183237,0.056033,0.075307,0.123563,0.004952,-0.183237,0.124355,,1,12.5184,,271051966.9,262649355.9,1,1,3,10062,0,0,0,0,21.15,12,
34957,107177,Indus,Indus Japan LO,Developed Markets Public Equity,Non-U.S. Developed Public Equity,Global Equity,Developed Markets Public Equity,Non-U.S. Developed Public Equity,TRUE,31-12-2022 00:00:00,77615424,-0.006402,0.089993,-0.22542,0.017209,-0.002943,0.075331,-0.009636,-0.22542,0.073891,,1,7.4385,,78072470.33,77615423.96,1,1,2,8214,0,0,0,0,21.15,12,
8921,110057,Silchester,Silchester IE,Developed Markets Public Equity,Non-U.S. Developed Public Equity,Global Equity,Developed Markets Public Equity,Non-U.S. Developed Public Equity,TRUE,31-12-2022 00:00:00,222618259,0.025241,0.187207,-0.059436,0.015341,0.009787,0.063928,0.083752,-0.059436,0.081393,,1,7.374,,217137486.9,222618258.9,1,1,2,7658,0,0,0,0,21.15,12,
11674,75807,Deerfield,Deerfield PDIV,Directional Hedge Funds,Directional Credit,Global Equity,Directional Hedge Funds,Directional Credit,TRUE,31-12-2022 00:00:00,36035074,0,-0.008211,-0.027446,0.164689,0.066849,,-0.008211,-0.027446,0.052977,,1,5.3733,,180624545.5,181132610,1,4,11,26783,0,0,0,0,,12,
876,85886,Deerfield,Deerfield PDIII,Directional Hedge Funds,Directional Credit,Global Equity,Directional Hedge Funds,Directional Credit,TRUE,31-12-2022 00:00:00,10153504,0,-0.033106,-0.025467,0.062898,0.057013,,-0.033106,-0.025467,0.071507,,1,7.2219,,51037240,51037240,1,4,11,27989,0,0,0,0,,12,
25904,87746,Two Creeks,Two Creeks,Directional Hedge Funds,Long/Short Equity,Global Equity,Directional Hedge Funds,Long/Short Equity,TRUE,31-12-2022 00:00:00,49627648,-0.017217,0.015035,-0.037209,0.041964,0.078846,,-0.033421,-0.037209,0.055998,,1,5.5998,,253826779.6,249456556.9,1,4,7,24196,0,0,0,0,,12,
15165,75327,Hound,Hound HF,Directional Hedge Funds,Long/Short Equity,Global Equity,Directional Hedge Funds,Long/Short Equity,TRUE,31-12-2022 00:00:00,39294272,0.049084,0.113916,-0.091054,0.045282,0.069805,,0.115407,-0.091054,0.033365,,1,3.3365,,188273878,197515181.4,1,4,7,24335,0,0,0,0,,12,
12457,87326,Hengistbury,Hengistbury,Directional Hedge Funds,Long/Short Equity,Global Equity,Directional Hedge Funds,Long/Short Equity,TRUE,31-12-2022 00:00:00,45565094,-0.005347,0.125219,-0.029476,-0.072634,-0.016415,,0.064354,-0.029476,0.035788,,1,3.5788,,230267145.3,229035871.2,1,4,7,24261,0,0,0,0,,12,
2578,10015,Junto,Junto,Directional Hedge Funds,Long/Short Equity,Global Equity,Directional Hedge Funds,Long/Short Equity,TRUE,31-12-2022 00:00:00,77052854,0.005529,0.03017,0.03381,0.084215,0.080871,,0.025145,0.03381,0.076676,,1,10.0241,,385182331.7,387311114.2,1,4,7,23712,0,0,0,0,,12,
24184,75687,Farallon,FASS III,Directional Hedge Funds,Directional Credit,Global Equity,Directional Hedge Funds,Directional Credit,TRUE,31-12-2022 00:00:00,4129969,-0.0825,-0.130255,-0.256966,-0.055861,0.048341,,-0.181309,-0.256966,0.086119,,1,8.7285,,22626217.99,20759555.01,1,4,11,28713,0,0,0,0,,12,
5116,88166,Farallon,Farallon Overflow,Directional Hedge Funds,Directional Credit,Global Equity,Directional Hedge Funds,Directional Credit,TRUE,31-12-2022 00:00:00,20856660,-0.012698,-0.056085,-0.077306,0.019197,0.08492,,-0.062787,-0.077306,0.099094,,1,10.0426,,106185887.2,104837339.5,1,4,11,27254,0,0,0,0,,12,
18598,10072,UTIMCO,Total Private Emerging Markets,Private Equity,PE - Emerging Markets,Global Equity,Private Equity,PE - Emerging Markets,TRUE,31-12-2022 00:00:00,601414029,-0.039388,-0.062981,-0.222,0.051645,0.073599,,-0.06536,-0.222,0.08239,,0,8.239,,644171114.8,601414029.4,1,5,15,30055,0,1,0,1,27.24,12,
8925,93979,UTIMCO,Total Venture Capital,Private Equity,PE - Venture Capital,Global Equity,Private Equity,PE - Venture Capital,TRUE,31-12-2022 00:00:00,2192755251,-0.006725,-0.025781,-0.094975,0.37018,0.305247,,-0.020915,-0.094975,0.226697,,0,22.6697,,2203904902,2192755251,1,5,17,36984,0,1,0,1,27.24,12,
7994,10012,UTIMCO,Total PE Buyouts/Growth,Private Equity,PE - Buyouts/Growth,Global Equity,Private Equity,PE - Buyouts/Growth,TRUE,31-12-2022 00:00:00,2688162814,-0.000986,-0.00244,0.063928,0.191159,0.149926,,-0.000361,0.063928,0.146151,,0,14.6151,,2645977252,2688162814,1,5,19,53543,0,1,0,1,27.24,12,
4386,93859,UTIMCO,Total Private Credit,Private Equity,PE - Credit,Global Equity,Private Equity,PE - Credit,TRUE,31-12-2022 00:00:00,496170963,0.000477,0.022014,0.049985,0.089824,0.081752,,0.018817,0.049985,0.083338,,0,8.3338,,496478670.1,496170962.7,1,5,16,33626,0,1,0,1,27.24,12,
10294,96798,Acadian,Acadian EM Small Cap,Emerging Markets Public Equity,Global EM Public Equity,Global Equity,Emerging Markets Public Equity,Global EM Public Equity,TRUE,31-12-2022 00:00:00,88691998,0.001507,0.12462,-0.12539,0.085493,0.039852,,0.009824,-0.12539,0.068743,,1,6.8886,,88558570.57,88691998.36,1,2,5,16628,0,0,0,0,7,12,
7165,97158,Janchor,Janchor Opp I,Emerging Markets Public Equity,Global EM Public Equity,Global Equity,Emerging Markets Public Equity,Global EM Public Equity,TRUE,31-12-2022 00:00:00,4596205,0.058941,0.063178,-0.038372,-0.001765,0.019097,,-0.015647,-0.038372,0.068386,,1,6.9355,,4340379.03,4596204.69,1,2,5,19742,0,0,0,0,7,12,
4601,102677,Petra,Petra Korea - Combined Returns,Emerging Markets Public Equity,Global EM Public Equity,Global Equity,Emerging Markets Public Equity,Global EM Public Equity,TRUE,31-12-2022 00:00:00,60052317,-0.022297,0.176286,-0.283491,0.055044,-0.015232,,-0.034247,-0.283491,0.030345,,1,3.0627,,61421831.57,60052317.18,1,2,5,17340,0,0,0,0,7,12,
4406,97038,Charles-Lim,Charles-Lim Asia,Emerging Markets Public Equity,Global EM Public Equity,Global Equity,Emerging Markets Public Equity,Global EM Public Equity,TRUE,31-12-2022 00:00:00,113182188,-0.063788,0.066449,-0.380758,0.048191,0.108859,,-0.002206,-0.380758,0.135206,,1,13.7077,,120893705.5,113182188.4,1,2,5,16132,0,0,0,0,7,12,
3472,102677,Petra,Petra Korea Small Cap,Emerging Markets Public Equity,Global EM Public Equity,Global Equity,Emerging Markets Public Equity,Global EM Public Equity,TRUE,31-12-2022 00:00:00,60052317,-0.022297,0.176286,-0.283491,0.055044,-0.015232,,-0.034247,-0.283491,0.030345,,1,3.0627,,61421831.57,60052317.18,1,2,5,17338,0,0,0,0,7,12,
22685,115337,BlueSpruce,WhiteSpruce,Developed Markets Public Equity,U.S. Public Equity,Global Equity,Developed Markets Public Equity,U.S. Public Equity,TRUE,31-12-2022 00:00:00,161301690,-0.058034,0.075396,-0.236954,0.002027,0.060804,,-0.035171,-0.236954,0.060804,,1,6.0804,,171239472.2,161301689.8,1,1,1,1999,0,0,0,0,21.15,12,
550,97098,Baker Brothers,Baker Bros Healthcare,Developed Markets Public Equity,U.S. Public Equity,Global Equity,Developed Markets Public Equity,U.S. Public Equity,TRUE,31-12-2022 00:00:00,134620619,0.072049,0.108469,-0.192226,-0.07156,0.034006,,0.009954,-0.192226,0.035402,,1,3.5882,,125573208.1,134620619.1,1,1,1,2367,0,0,0,0,21.15,12,
14164,104837,Westwood Global,Westwood Developed,Developed Markets Public Equity,Non-U.S. Developed Public Equity,Global Equity,Developed Markets Public Equity,Non-U.S. Developed Public Equity,TRUE,31-12-2022 00:00:00,130023535,-0.000955,0.19881,-0.096071,0.063104,0.044509,,0.077049,-0.096071,0.055727,,1,5.146,,130147791.8,130023534.6,1,1,2,8086,0,0,0,0,21.15,12,
6251,9175,DE Shaw,DE Shaw Alkali IV,Directional Hedge Funds,Directional Credit,Global Equity,Directional Hedge Funds,Directional Credit,TRUE,31-12-2022 00:00:00,17581266,0.011,0.026112,0.014937,0.098018,,,0.050742,0.014937,0.094592,,1,11.392,,87411833.74,88373363.91,1,4,11,27482,0,0,0,0,,12,
23465,8455,Farallon,Farallon Special Situations I,Directional Hedge Funds,Directional Credit,Global Equity,Directional Hedge Funds,Directional Credit,TRUE,31-12-2022 00:00:00,17003213,0.010941,0.038332,0.063293,0.10717,,,0.043627,0.063293,0.096893,,1,9.6893,,84545966.73,85467742.17,1,4,11,27513,0,0,0,0,,12,
7977,8335,Contrarian,Contrarian EM II,Directional Hedge Funds,Directional Credit,Global Equity,Directional Hedge Funds,Directional Credit,TRUE,31-12-2022 00:00:00,34976314,0.065303,0.171566,0.003891,-0.02747,,,0.096065,0.003891,-0.020493,,1,-2.0493,,165033562.5,175810687.5,1,4,11,26818,0,0,0,0,,12,
32473,8575,D1 Capital Partners,D1 HF,Directional Hedge Funds,Long/Short Equity,Global Equity,Directional Hedge Funds,Long/Short Equity,TRUE,31-12-2022 00:00:00,88111279,-0.015632,-0.006719,-0.207104,0.147701,,,-0.024752,-0.207104,0.151593,,1,15.1592,,449930215.8,442896998.9,1,4,7,23539,0,0,0,0,,12,
1780,9895,Deerfield,Deerfield Partners,Directional Hedge Funds,Long/Short Equity,Global Equity,Directional Hedge Funds,Long/Short Equity,TRUE,31-12-2022 00:00:00,69417650,0.00255,-0.017239,-0.017346,0.064664,,,-0.023601,-0.017346,0.109692,,1,6.2862,,348044874.6,348932273.9,1,4,7,23845,0,0,0,0,,12,
7193,115817,Eminence,Eminence US,Developed Markets Public Equity,U.S. Public Equity,Global Equity,Developed Markets Public Equity,U.S. Public Equity,TRUE,31-12-2022 00:00:00,53297579,-0.05063,0.080389,-0.249159,0.086347,,,-0.032783,-0.249159,0.121777,,1,12.1777,,56139963.34,53297578.55,1,1,1,3479,0,0,0,0,21.15,12,
3060,5692,UTIMCO,GS US Value Passive,Developed Markets Public Equity,U.S. Public Equity,Global Equity,Developed Markets Public Equity,U.S. Public Equity,TRUE,31-12-2022 00:00:00,112121454,-0.037375,0.132413,-0.064193,0.054699,,,0.039549,-0.064193,0.100534,,1,10.1554,,91326322.84,112121453.9,1,1,1,2633,0,0,0,0,21.15,12,
761,1012,DE Shaw,DE Shaw US 130-30,Developed Markets Public Equity,U.S. Public Equity,Global Equity,Developed Markets Public Equity,U.S. Public Equity,TRUE,31-12-2022 00:00:00,259132582,-0.063353,0.066772,-0.159674,0.06347,,,-0.020698,-0.159674,0.106244,,1,10.6244,,248944398.5,259132581.8,1,1,1,1159,0,0,0,0,21.15,12,
188,5632,UTIMCO,MSCI US Passive,Developed Markets Public Equity,U.S. Public Equity,Global Equity,Developed Markets Public Equity,U.S. Public Equity,TRUE,31-12-2022 00:00:00,0,0,0,-0.999175,-0.922142,,,0,-0.999175,-0.841634,,1,,,0.01,0.01,1,1,1,6743,0,0,0,0,21.15,12,
3659,94280,UTIMCO,Total Portable Alpha,Developed Markets Public Equity,Hedge Fund Overlay,Global Equity,Developed Markets Public Equity,Hedge Fund Overlay,TRUE,31-12-2022 00:00:00,,-0.030748,0.112533,-0.137341,-0.048052,,,0.020119,-0.137341,-0.033518,,1,6.6363,,434893293.4,435254798.6,1,1,4,14441,0,0,0,0,21.15,12,
27605,1012,DE Shaw,DE Shaw AE - Combined Returns,Developed Markets Public Equity,Global Developed Public Equity,Global Equity,Developed Markets Public Equity,Global Developed Public Equity,TRUE,31-12-2022 00:00:00,259132582,-0.063353,0.066772,-0.159674,0.06347,,,-0.020698,-0.159674,0.106244,,1,10.6244,,248944398.5,259132581.8,1,1,3,10073,0,0,0,0,21.15,12,
24313,952,AKO,AKO Global LO,Developed Markets Public Equity,Global Developed Public Equity,Global Equity,Developed Markets Public Equity,Global Developed Public Equity,TRUE,31-12-2022 00:00:00,152811675,-0.030513,0.153074,-0.22628,0.028613,,,0.039352,-0.22628,0.082698,,1,8.2698,,157621217.6,152811674.9,1,1,3,10802,0,0,0,0,21.15,12,
16573,116057,TPG Capital,TPG LO,Developed Markets Public Equity,Global Developed Public Equity,Global Equity,Developed Markets Public Equity,Global Developed Public Equity,TRUE,31-12-2022 00:00:00,183281666,-0.043588,0.074061,-0.147643,0.020596,,,-0.023872,-0.147643,0.039143,,1,3.9143,,191634649.6,183281665.7,1,1,3,10587,0,0,0,0,21.15,12,
9627,90558,Tiger Global,Tiger Global LO,Developed Markets Public Equity,Global Developed Public Equity,Global Equity,Developed Markets Public Equity,Global Developed Public Equity,TRUE,31-12-2022 00:00:00,41792233,-0.102083,-0.113081,-0.685828,-0.221307,,,-0.183105,-0.685828,-0.120079,,1,-12.0079,,46544329.16,41792233.21,1,1,3,11519,0,0,0,0,21.15,12,
6277,116177,Marshall Wace,Marshall Wace World,Developed Markets Public Equity,Global Developed Public Equity,Global Equity,Developed Markets Public Equity,Global Developed Public Equity,TRUE,31-12-2022 00:00:00,107490498,-0.041985,0.056371,-0.183944,0.076458,,,-0.041751,-0.183944,0.078726,,1,7.6458,,112201262.4,107490498.1,1,1,3,10960,0,0,0,0,21.15,12,
10236,90498,East Bridge Capital,East Bridge India,Emerging Markets Public Equity,Global EM Public Equity,Global Equity,Emerging Markets Public Equity,Global EM Public Equity,TRUE,31-12-2022 00:00:00,46146880,-0.043643,-0.035992,-0.236809,0.028845,,,-0.097368,-0.236809,-0.038301,,1,-3.8301,,48252783.54,46146880.32,1,2,5,17723,0,0,0,0,7,12,
5925,97218,Janchor,Janchor Opp II,Emerging Markets Public Equity,Global EM Public Equity,Global Equity,Emerging Markets Public Equity,Global EM Public Equity,TRUE,31-12-2022 00:00:00,66406897,-0.034601,0.11014,-0.219493,0.055201,,,0.012337,-0.219493,0.055201,,1,5.5201,,68787006.36,66406897.22,1,2,5,17124,0,0,0,0,7,12,
1993,110117,Hillhouse,Hillhouse Gaoling,Emerging Markets Public Equity,Global EM Public Equity,Global Equity,Emerging Markets Public Equity,Global EM Public Equity,TRUE,31-12-2022 00:00:00,141079755,0.033739,0.075184,-0.237087,0.025279,,,-0.022767,-0.237087,0.121227,,1,,,136475277.3,141079754.7,1,2,5,15830,0,0,0,0,7,12,
3969,3413,UTIMCO,Total Directional Hedge,Directional Hedge Funds,Directional Hedge Funds,Global Equity,Directional Hedge Funds,,TRUE,31-12-2022 00:00:00,1290550130,0.011933,0.065379,-0.067742,0.066075,,,0.039722,-0.067742,0.06032,,0,6.032,,1269132687,1290550130,1,4,,21704,0,1,1,0,6,12,
6345,117137,Echo Street,Echo Street Select Plus,Developed Markets Public Equity,U.S. Public Equity,Global Equity,Developed Markets Public Equity,U.S. Public Equity,TRUE,31-12-2022 00:00:00,13232541,-0.048642,0.053085,-0.307775,,,,-0.046939,-0.307775,-0.086862,,1,-8.6862,,13909104.74,13232540.56,1,1,1,4886,0,0,0,0,21.15,12,
1961,117017,Echo Street,Echo Street Select,Developed Markets Public Equity,U.S. Public Equity,Global Equity,Developed Markets Public Equity,U.S. Public Equity,TRUE,31-12-2022 00:00:00,52608340,-0.041686,0.071425,-0.289642,,,,-0.033475,-0.289642,-0.078517,,1,-7.8517,,54896790.85,52608339.72,1,1,1,3493,0,0,0,0,21.15,12,
10718,116597,PIMCO,PIMCO StocksPlus,Developed Markets Public Equity,U.S. Public Equity,Global Equity,Developed Markets Public Equity,U.S. Public Equity,TRUE,31-12-2022 00:00:00,175002435,-0.034815,0.141399,-0.172016,,,,0.044457,-0.172016,0.077193,,1,7.7194,,181314831.7,175002434.8,1,1,1,1824,0,0,0,0,21.15,12,
10473,117197,"Texas McCombs Investment Advisers, LLC",UT Longhorn Fund,Developed Markets Public Equity,U.S. Public Equity,Global Equity,Developed Markets Public Equity,U.S. Public Equity,TRUE,31-12-2022 00:00:00,2754100,-0.065171,0.062802,-0.215997,,,,-0.039113,-0.215997,-0.02017,,1,-2.017,,2935272.85,2754099.69,1,1,1,5804,0,0,0,0,21.15,12,
6817,116117,Marshall Wace,Marshall Wace US 150-50,Developed Markets Public Equity,U.S. Public Equity,Global Equity,Developed Markets Public Equity,U.S. Public Equity,TRUE,31-12-2022 00:00:00,208251150,-0.059047,0.057764,-0.199397,,,,-0.040356,-0.199397,0.089769,,1,8.9769,,221319455.9,208251149.9,1,1,1,1526,0,0,0,0,21.15,12,
3293,117317,Texas A&M University,TAMU Reveille Fund,Developed Markets Public Equity,U.S. Public Equity,Global Equity,Developed Markets Public Equity,U.S. Public Equity,TRUE,31-12-2022 00:00:00,2799298,-0.058955,0.072382,-0.193914,,,,-0.02315,-0.193914,-0.013581,,1,-1.3581,,2974669.5,2799297.85,1,1,1,5797,0,0,0,0,21.15,12,
2026,116717,Two Sigma,Two Sigma US 130-30,Developed Markets Public Equity,U.S. Public Equity,Global Equity,Developed Markets Public Equity,U.S. Public Equity,TRUE,31-12-2022 00:00:00,157758872,-0.056384,0.075789,-0.141284,,,,-0.012599,-0.141284,0.066472,,1,6.6472,,167185466.3,157758871.5,1,1,1,2060,0,0,0,0,21.15,12,
10567,107237,UTIMCO,Indus Japan Forward,Developed Markets Public Equity,Non-U.S. Developed Public Equity,Global Equity,Developed Markets Public Equity,Non-U.S. Developed Public Equity,TRUE,31-12-2022 00:00:00,7679699,-0.124774,-0.19617,35.823894,,,,-0.087087,35.823894,,,1,,,8774529.2,7679698.6,1,1,2,8659,0,0,0,0,21.15,12,
4881,116897,GQG Partners,GQG Global,Developed Markets Public Equity,Global Developed Public Equity,Global Equity,Developed Markets Public Equity,Global Developed Public Equity,TRUE,31-12-2022 00:00:00,233284661,-0.019002,0.133686,-0.041957,,,,0.030608,-0.041957,0.060777,,1,6.0777,,237803341.3,233284661.3,1,1,3,10252,0,0,0,0,21.15,12,
1738,89058,Generation,Generation Global,Developed Markets Public Equity,Global Developed Public Equity,Global Equity,Developed Markets Public Equity,Global Developed Public Equity,TRUE,31-12-2022 00:00:00,122674685,-0.029981,0.107472,-0.281026,,,,-0.003875,-0.281026,-0.20745,,1,-20.7449,,126466215.3,122674685.4,1,1,3,10888,0,0,0,0,21.15,12,
9993,116237,Marshall Wace,Marshall Wace EM,Emerging Markets Public Equity,Global EM Public Equity,Global Equity,Emerging Markets Public Equity,Global EM Public Equity,TRUE,31-12-2022 00:00:00,101451847,-0.018347,0.079808,-0.185518,,,,-0.050423,-0.185518,0.009618,,1,0.9618,,103348005.1,101451847.1,1,2,5,16337,0,0,0,0,7,12,
6808,116777,Two Sigma,Two Sigma China,Emerging Markets Public Equity,Global EM Public Equity,Global Equity,Emerging Markets Public Equity,Global EM Public Equity,TRUE,31-12-2022 00:00:00,35582702,0.018003,0.036467,-0.226154,,,,-0.048157,-0.226154,0.006858,,1,0.6858,,34953435.57,35582702.46,1,2,5,18062,0,0,0,0,7,12,
3822,89178,UTIMCO,Taiwan Semi,Emerging Markets Public Equity,Global EM Public Equity,Global Equity,Emerging Markets Public Equity,Global EM Public Equity,TRUE,31-12-2022 00:00:00,14499182,-0.076879,0.104462,-0.329784,,,,-0.110642,-0.329784,-0.28293,,1,-21.0288,,15677631.8,14499182.05,1,2,5,18866,0,0,0,0,7,12,
3053,88818,Grand Alliance Asset Management,Grand Alliance Taiwan,Emerging Markets Public Equity,Global EM Public Equity,Global Equity,Emerging Markets Public Equity,Global EM Public Equity,TRUE,31-12-2022 00:00:00,69578627,-0.061618,0.039936,-0.362915,,,,-0.118142,-0.362915,-0.203842,,1,-20.3842,,74147441.44,69578627.34,1,2,5,17047,0,0,0,0,7,12,
2629,88758,CoreView Capital Management,CoreView China,Emerging Markets Public Equity,Global EM Public Equity,Global Equity,Emerging Markets Public Equity,Global EM Public Equity,TRUE,31-12-2022 00:00:00,29029882,0.057132,0.075991,-0.219133,,,,-0.023823,-0.219133,-0.194288,,1,-19.4288,,27460986.85,29029882.04,1,2,5,18229,0,0,0,0,7,12,
2310,6352,UTIMCO,Public EM Passive,Emerging Markets Public Equity,Global EM Public Equity,Global Equity,Emerging Markets Public Equity,Global EM Public Equity,TRUE,31-12-2022 00:00:00,72936845,-0.0141,0.097029,-0.201196,,,,-0.031579,-0.201196,-0.106605,,1,,,106788523.4,72936845.15,1,2,5,16962,0,0,0,0,7,12,
2219,89298,Arrowstreet,Arrowstreet EM,Emerging Markets Public Equity,Global EM Public Equity,Global Equity,Emerging Markets Public Equity,Global EM Public Equity,TRUE,31-12-2022 00:00:00,220483421,-0.025369,0.11849,-0.066279,,,,0.005531,-0.066279,-0.061341,,1,-6.134,,226222502.6,220483420.6,1,2,5,15359,0,0,0,0,7,12,
18916,101778,UTIMCO,MSCI US Value LC,Developed Markets Public Equity,U.S. Public Equity,Global Equity,Developed Markets Public Equity,U.S. Public Equity,TRUE,31-12-2022 00:00:00,53608502,-0.0349,0.141506,,,,,0.052357,,-0.009251,,1,-0.9251,,55837220.62,53608501.71,1,1,1,3471,0,0,0,0,21.15,12,
11138,90078,Cooke & Bieler,Cooke & Bieler CV,Developed Markets Public Equity,U.S. Public Equity,Global Equity,Developed Markets Public Equity,U.S. Public Equity,TRUE,31-12-2022 00:00:00,148879167,-0.043792,0.102702,,,,,-0.005686,,-0.094097,,1,-9.3448,,155697545,148879167.4,1,1,1,2183,0,0,0,0,21.15,12,
8137,89358,Echo Street,Echo Street New World,Developed Markets Public Equity,U.S. Public Equity,Global Equity,Developed Markets Public Equity,U.S. Public Equity,TRUE,31-12-2022 00:00:00,29259024,-0.042473,0.060129,,,,,-0.044176,,-0.214529,,1,-21.4529,,30556868.78,29259023.87,1,1,1,4151,0,0,0,0,21.15,12,
25925,89958,Arrowstreet,Arrowstreet ACWI,Developed Markets Public Equity,Global Developed Public Equity,Global Equity,Developed Markets Public Equity,Global Developed Public Equity,TRUE,31-12-2022 00:00:00,203211763,-0.018206,0.162179,,,,,0.062053,,-0.028995,,1,-2.8995,,206980116.5,203211762.8,1,1,3,10459,0,0,0,0,21.15,12,
20056,94160,UTIMCO,Total Portable Alpha DM Consol,Developed Markets Public Equity,Hedge Fund Overlay,Global Equity,Developed Markets Public Equity,Hedge Fund Overlay,TRUE,31-12-2022 00:00:00,,-0.02784,0.087438,,,,,-0.000797,,-0.000797,,,-0.0797,,253578461.7,260252363.9,1,1,4,14455,0,0,0,0,21.15,12,
7148,1312,UTIMCO,Internal Factor Basket,Developed Markets Public Equity,Global Developed Public Equity,Global Equity,Developed Markets Public Equity,Global Developed Public Equity,TRUE,31-12-2022 00:00:00,37840702,-0.046036,0.101503,,,,,0.001877,,-0.042831,,,-4.2831,,39666795.77,37840702.1,1,1,3,11630,0,0,0,0,21.15,12,
22498,7192,UTIMCO,MSCI EM ex-China Swap,Emerging Markets Public Equity,Global EM Public Equity,Global Equity,Emerging Markets Public Equity,Global EM Public Equity,TRUE,31-12-2022 00:00:00,19478659,-0.042738,0.078924,,,,,-0.032937,,-0.163914,,1,-16.3914,,26974108.97,19478659.36,1,2,5,18538,0,0,0,0,7,12,
6614,90018,Hillhouse,Hillhouse China Value,Emerging Markets Public Equity,Global EM Public Equity,Global Equity,Emerging Markets Public Equity,Global EM Public Equity,TRUE,31-12-2022 00:00:00,85504736,0.013559,0.012239,,,,,-0.080062,,-0.088574,,1,-8.8574,,84360873.48,85504736.2,1,2,5,16690,0,0,0,0,7,12,
16394,101958,UTIMCO,MSCI EM Reallocation,Developed Markets Public Equity,Global Developed Public Equity,Global Equity,Developed Markets Public Equity,Global Developed Public Equity,TRUE,31-12-2022 00:00:00,-7655427,1.320678,,,,,,,,,,,,,-5696461.09,-7655426.77,1,1,3,12632,0,0,0,0,21.15,12,
16697,11815,DE Shaw,DE Shaw Diopter Onshore,Directional Hedge Funds,Directional Credit,Global Equity,Directional Hedge Funds,Directional Credit,TRUE,31-12-2022 00:00:00,10166369,0.003848,0.003848,,,,,,,0.003848,,,0.3848,,27959777.82,51101906.92,1,4,11,27985,0,0,0,0,,12,
3690,11875,DE Shaw,DE Shaw Diopter Offshore,Directional Hedge Funds,Directional Credit,Global Equity,Directional Hedge Funds,Directional Credit,TRUE,31-12-2022 00:00:00,23725181,0.004189,0.004189,,,,,,,0.004189,,,0.4189,,65233034.85,119256145.5,1,4,11,27153,0,0,0,0,,12,
2558,11335,Myriad,Myriad Direct - Didi,Directional Hedge Funds,Directional Multi-Strat,Global Equity,Directional Hedge Funds,Directional Multi-Strat,TRUE,31-12-2022 00:00:00,961813,0.188785,0.731083,,,,,0.247058,,-0.162412,,1,-16.2412,,4066853.33,4834614.42,1,4,9,25892,0,0,0,0,,12,
5834,10375,DE Shaw,DE Shaw Alkali V - Offshore,Directional Hedge Funds,Directional Credit,Global Equity,Directional Hedge Funds,Directional Credit,TRUE,31-12-2022 00:00:00,6359998,0.016,0.013963,0.013926,,,,0.033228,0.013926,0.009263,,1,1.1925,,31465492.38,31968940.25,1,4,11,28422,0,0,0,0,,12,
2509,10315,DE Shaw,DE Shaw Alkali V - Onshore,Directional Hedge Funds,Directional Credit,Global Equity,Directional Hedge Funds,Directional Credit,TRUE,31-12-2022 00:00:00,6361972,0.016,0.013317,0.008855,,,,0.03257,0.008855,0.005895,,1,0.7585,,31475258.05,31978862.18,1,4,11,28420,0,0,0,0,,12,
7468,10495,Farallon,Farallon Special Situations II,Directional Hedge Funds,Directional Credit,Global Equity,Directional Hedge Funds,Directional Credit,TRUE,31-12-2022 00:00:00,11025917,0.015264,0.026547,0.134034,,,,0.054469,0.134034,0.037839,,1,5.2396,,54013834.46,55422479.11,1,4,11,27906,0,0,0,0,,12,
16873,10555,Marshall Wace,Marshall Wace Eureka,Directional Hedge Funds,Directional Multi-Strat,Global Equity,Directional Hedge Funds,Directional Multi-Strat,TRUE,31-12-2022 00:00:00,35162803,0.019344,0.001142,0.04134,,,,0.010231,0.04134,0.102023,,1,9.8206,,173393918.9,176748084.8,1,4,9,25674,0,0,0,0,,12,
14124,10915,D1 Capital Partners,D1 CI - Rivian,Directional Hedge Funds,Long/Short Equity,Global Equity,Directional Hedge Funds,Long/Short Equity,TRUE,31-12-2022 00:00:00,1553604,-0.424782,-0.439988,-0.799695,,,,-0.436564,-0.799695,-0.577276,,1,-57.7275,,13576213.08,7809288.61,1,4,7,25047,0,0,0,0,,12,
11533,11035,Tiger Pacific,Tiger Pacific,Directional Hedge Funds,Long/Short Equity,Global Equity,Directional Hedge Funds,Long/Short Equity,TRUE,31-12-2022 00:00:00,46612295,0.032684,0.032414,0.051436,,,,0.032001,0.051436,-0.027915,,1,-2.7916,,226884219.4,234299690.4,1,4,7,24245,0,0,0,0,,12,
7888,10675,Hound,Hound Variable Beta,Directional Hedge Funds,Long/Short Equity,Global Equity,Directional Hedge Funds,Long/Short Equity,TRUE,31-12-2022 00:00:00,41881521,0.016539,0.067169,0.067928,,,,0.049358,0.067928,0.124878,,1,12.4878,,207095057.3,210520153.4,1,4,7,24306,0,0,0,0,,12,
788,10255,TPG Capital,TPG TPEP HF,Directional Hedge Funds,Long/Short Equity,Global Equity,Directional Hedge Funds,Long/Short Equity,TRUE,31-12-2022 00:00:00,56878230,0.002617,0.053678,0.002868,,,,0.024163,0.002868,0.028818,,1,2.8819,,285155829,285902074.9,1,4,7,24069,0,0,0,0,,12,
7477,10435,Deerfield,Deerfield PDV,Directional Hedge Funds,Directional Credit,Global Equity,Directional Hedge Funds,Directional Credit,TRUE,31-12-2022 00:00:00,7714008,0,0.023382,0.064813,,,,0.023382,0.064813,0.065882,,1,6.5881,,38774954,38774954,1,4,11,28267,0,0,0,0,,12,